Date,JKS.csv,^SPX.csv,ARWR.csv,PDD.csv,GNRC.csv,JD.csv,IDXX.csv,CUB.csv,CPRT.csv
2020-12-16,61.65,3701.17,77.63,145.47,220.44,81.77,467.58,61.82,120.92
2020-12-15,63.25,3694.62,76.45,142.03,224.4,79.5,464.96,63.49,121.36
2020-12-14,53.7,3647.49,74.91,142.12,218.06,79.96,458.17,62.26,118.29
2020-12-11,53.0,3663.46,74.06,147.65,217.28,82.61,456.23,62.85,116.98
2020-12-10,57.5,3668.1,74.005,154.34,211.27,81.71,454.27,62.67,114.75
2020-12-09,57.86,3672.82,68.9,147.57,209.43,81.82,449.88,62.56,114.08
2020-12-08,62.42,3702.25,68.18,157.49,216.87,82.01,460.69,63.49,115.56
2020-12-07,58.36,3691.96,65.85,146.79,208.91,83.49,459.36,62.78,114.61
2020-12-04,61.4,3699.12,65.29,146.36,205.26,85.19,457.15,62.61,112.09
2020-12-03,61.38,3666.72,63.98,145.16,207.58,86.29,460.07,60.33,115.0
2020-12-02,63.07,3669.01,64.72,144.06,210.74,84.38,462.59,60.23,113.3
2020-12-01,64.6,3662.45,62.64,136.54,213.02,85.36,467.86,59.58,115.25
2020-11-30,69.04,3621.63,62.53,138.81,215.6,85.35,460.98,58.56,115.45
2020-11-27,72.37,3638.35,62.99,144.05,221.4,89.41,454.23,61.05,115.21
2020-11-25,68.51,3629.65,57.02,135.9,216.51,88.23,446.48,60.91,114.76
2020-11-24,67.04,3635.41,60.39,143.94,213.84,89.82,446.83,62.16,113.2
2020-11-23,67.05,3577.59,68.2,141.05,219.63,87.56,459.79,60.83,113.15
2020-11-20,62.71,3557.54,68.8,143.55,222.97,87.74,464.29,60.25,114.47
2020-11-19,59.23,3581.87,68.92,137.66,216.75,86.04,457.19,64.09,113.83
2020-11-18,59.44,3567.79,68.36,132.38,211.94,86.25,444.06,65.03,115.97
2020-11-17,61.7,3609.53,70.79,132.37,210.09,86.97,455.85,65.06,116.19
2020-11-16,62.47,3626.91,69.07,142.03,213.19,85.26,455.37,65.21,116.05
2020-11-13,64.5,3585.15,68.54,151.29,215.97,92.08,453.64,65.85,117.71
2020-11-12,63.44,3537.01,69.23,134.21,219.78,86.38,449.22,64.44,117.33
2020-11-11,67.76,3572.66,69.56,111.46,225.29,82.84,455.06,63.9,117.8
2020-11-10,61.17,3545.53,68.68,103.09,217.95,80.08,441.23,63.93,116.99
2020-11-09,62.49,3550.5,68.1,106.14,220.54,84.86,436.45,59.78,121.33
2020-11-06,65.33,3509.44,66.45,114.53,233.04,92.49,478.1,57.64,123.72
2020-11-05,72.35,3510.45,65.97,113.07,230.73,91.59,467.97,60.07,123.95
2020-11-04,56.33,3443.44,64.34,110.26,223.5,89.31,469.36,60.63,121.34
2020-11-03,64.12,3369.16,59.47,97.72,221.54,82.69,444.1,61.0,116.38
2020-11-02,62.77,3310.24,58.22,91.62,212.57,82.32,431.05,59.84,113.4
2020-10-30,58.3,3269.96,57.3,89.98,210.15,81.52,424.82,59.11,110.36
2020-10-29,61.02,3310.11,58.09,94.12,216.57,83.04,441.8,58.55,111.28
2020-10-28,59.72,3271.03,59.42,89.99,217.11,80.08,422.89,57.8,108.47
2020-10-27,59.46,3390.68,61.69,90.31,207.71,83.01,443.16,59.11,112.1
2020-10-26,64.92,3400.97,59.1,86.92,210.4,81.41,428.96,59.57,111.98
2020-10-23,64.39,3465.39,58.88,86.91,212.04,81.34,429.66,60.8,114.29
2020-10-22,69.37,3453.49,58.56,87.77,209.34,81.31,423.59,60.99,114.09
2020-10-21,68.61,3435.56,56.72,90.23,205.35,82.63,419.73,59.96,114.6
2020-10-20,87.55,3443.12,54.74,89.07,211.87,82.57,420.09,60.76,114.98
2020-10-19,75.63,3426.92,50.08,84.15,210.13,80.61,419.27,59.53,115.26
2020-10-16,69.91,3483.81,49.38,84.02,208.21,81.52,423.75,58.28,117.18
2020-10-15,66.87,3483.34,48.85,82.79,209.79,80.25,422.72,58.4,117.64
2020-10-14,68.03,3488.67,44.46,82.66,203.0,81.1,420.51,58.72,115.8
2020-10-13,62.65,3511.93,46.52,84.65,201.54,82.61,421.42,56.81,116.37
2020-10-12,59.4,3534.22,46.39,84.72,203.99,84.32,419.39,59.05,117.09
2020-10-09,62.84,3477.13,46.05,79.54,205.53,79.79,400.65,60.07,115.21
2020-10-08,54.96,3446.83,48.01,73.41,204.5,78.15,393.51,60.95,114.0
2020-10-07,55.91,3419.45,48.1,74.8,207.04,78.12,386.23,59.94,111.32
2020-10-06,47.77,3360.95,46.405,72.99,207.37,76.69,384.31,58.24,109.68
2020-10-05,48.32,3408.63,47.11,72.07,207.86,76.4,392.37,58.12,109.69
2020-10-02,44.13,3348.44,43.82,71.4,197.75,76.1,383.85,57.25,107.34
2020-10-01,42.74,3380.8,44.76,74.43,196.16,78.57,394.78,57.54,107.22
2020-09-30,39.76,3363.0,43.06,74.15,193.64,77.61,393.11,58.17,105.16
2020-09-29,39.25,3335.47,43.42,73.7,188.14,75.16,385.06,59.39,105.74
2020-09-28,37.77,3351.6,43.68,75.1,190.18,76.1,386.37,60.98,106.16
2020-09-25,35.59,3298.46,44.915,74.33,180.66,74.67,377.83,58.63,104.26
2020-09-24,32.83,3246.59,44.31,75.29,178.07,72.72,365.47,56.22,102.01
2020-09-23,33.46,3236.92,44.64,76.64,175.76,74.59,363.87,56.44,102.32
2020-09-22,27.66,3315.57,43.8,80.04,182.9,75.0,368.32,54.73,105.06
2020-09-21,27.45,3281.06,41.71,79.96,181.23,75.13,364.7,59.56,102.63
2020-09-18,24.5,3319.47,43.1,79.81,182.68,74.5,354.76,44.37,103.66
2020-09-17,23.43,3357.01,45.75,81.02,184.09,74.37,354.2,45.71,102.25
2020-09-16,23.7,3385.49,47.43,82.65,186.52,75.09,362.36,45.39,105.25
2020-09-15,23.35,3401.2,33.8,82.65,187.11,77.0,369.24,44.24,105.08
2020-09-14,22.81,3383.54,34.04,85.28,184.1,76.59,365.56,43.64,103.855
2020-09-11,21.14,3340.97,33.21,84.74,178.41,74.18,364.82,42.67,102.01
2020-09-10,20.48,3339.19,35.2,83.87,180.03,74.53,367.76,42.65,101.95
2020-09-09,20.75,3398.96,36.14,84.65,183.95,77.19,374.16,43.86,103.04
2020-09-08,20.06,3331.84,35.47,81.71,174.8,76.22,364.19,43.79,101.57
2020-09-04,20.11,3426.96,36.04,85.04,178.51,80.0,370.66,45.17,103.49
2020-09-03,20.41,3455.06,37.06,85.76,178.07,79.04,381.28,46.19,102.94
2020-09-02,22.92,3580.84,39.83,90.29,191.48,83.21,406.31,48.04,104.8
2020-09-01,23.16,3526.65,39.0,91.36,193.25,82.49,398.49,48.24,104.02
2020-08-31,22.84,3500.31,42.24,88.94,189.98,78.64,391.06,47.08,103.32
2020-08-28,23.25,3508.01,41.97,89.2,189.02,79.96,383.98,47.84,104.08
2020-08-27,21.62,3484.55,41.84,88.82,186.65,79.3,386.28,47.655,103.08
2020-08-26,21.91,3478.73,42.37,89.25,190.82,80.38,386.02,48.014,102.43
2020-08-25,22.32,3443.62,43.33,87.24,186.37,78.97,383.93,48.523,101.88
2020-08-24,22.22,3431.28,42.86,83.16,188.13,76.18,380.62,47.26600000000001,100.83
2020-08-21,21.52,3397.16,42.49,84.0,186.71,74.98,383.46,45.242,100.69
2020-08-20,21.36,3385.51,43.06,97.13,182.45,73.94,383.33,44.69300000000001,100.39
2020-08-19,22.58,3374.85,44.97,95.94,181.2,72.56,381.5,45.67100000000001,100.51
2020-08-18,22.9,3389.78,44.54,91.59,181.68,70.32,386.65,45.79,101.0
2020-08-17,21.62,3381.99,45.7,89.18,182.2,66.98,384.39,45.172,101.16
2020-08-14,21.35,3372.85,42.01,85.04,175.35,62.06,379.4,46.03,100.01
2020-08-13,22.0,3373.43,42.71,88.85,174.88,62.54,385.25,46.209,100.01
2020-08-12,21.49,3380.35,42.81,90.11,171.3,62.9,384.83,46.119,99.98
2020-08-11,20.41,3333.69,40.58,87.27,164.86,61.18,374.03,46.947,99.94
2020-08-10,21.07,3360.47,40.37,87.53,166.32,61.49,377.19,46.608,98.86
2020-08-07,21.88,3351.28,40.23,88.2,178.6,62.06,381.76,44.713,99.24
2020-08-06,20.95,3349.16,41.02,91.62,172.98,64.91,389.78,45.471,98.82
2020-08-05,21.27,3327.77,43.56,97.46,170.42,65.52,395.71,46.339,97.57
2020-08-04,21.3,3306.51,44.12,94.02,164.57,64.57,390.25,43.567,96.84
2020-08-03,19.95,3294.61,44.38,96.03,162.67,64.53,391.99,43.287,93.29
2020-07-31,19.15,3271.12,43.07,91.8,157.58,63.79,397.75,41.881,93.25
2020-07-30,19.43,3246.22,45.45,84.94,147.84,62.29,374.1,41.881,92.73
2020-07-29,19.51,3258.44,44.3,84.03,139.73,62.59,366.91,42.121,92.72
2020-07-28,19.28,3218.44,45.51,83.77,135.31,61.49,361.65,40.954,89.64
2020-07-27,20.29,3239.41,48.34,83.44,138.35,62.78,366.67,39.927,91.25
2020-07-24,19.1,3215.63,46.21,78.95,135.25,60.88,359.23,41.812,89.52
2020-07-23,20.36,3235.66,46.66,79.05,136.82,60.52,360.84,43.397,90.24
2020-07-22,19.98,3276.02,48.6,80.76,135.54,61.84,365.23,43.666,89.56
2020-07-21,20.33,3257.3,48.75,82.58,136.1,62.61,363.32,43.806,87.93
2020-07-20,22.25,3251.84,51.27,84.83,136.64,63.4,361.0,44.823,87.39
2020-07-17,20.53,3224.73,49.02,82.47,134.81,62.13,349.85,46.18899999999999,87.24
2020-07-16,19.86,3215.57,49.02,83.55,132.54,61.71,339.2,46.25899999999999,86.53
2020-07-15,21.66,3226.56,48.18,85.3,133.95,62.55,340.74,46.219,86.58
2020-07-14,20.9,3197.52,47.34,87.33,131.13,62.13,338.47,45.78,83.55
2020-07-13,20.72,3155.22,46.13,88.28,126.64,62.3,335.14,45.232,81.5
2020-07-10,21.0,3185.04,44.51,87.3,127.37,65.61,338.25,46.05,83.05
2020-07-09,21.94,3152.05,45.15,90.25,126.61,67.36,341.17,45.591,83.38
2020-07-08,22.9,3169.94,45.25,92.31,126.58,65.38,336.12,49.00100000000001,85.2
2020-07-07,21.36,3145.32,44.24,91.0,124.53,61.67,337.3,48.862,85.12
2020-07-06,21.47,3179.72,43.72,87.0,124.89,63.24,339.47,48.901,84.92
2020-07-02,19.14,3130.01,44.2,93.0,122.73,61.39,334.76,47.515,83.86
2020-07-01,18.8,3115.86,44.16,85.45,121.09,60.0,334.54,47.735,84.59
2020-06-30,17.71,3100.29,43.19,85.84,121.93,60.18,330.16,47.894,83.27
2020-06-29,17.9,3053.24,42.6,87.47,118.88,59.58,327.9,47.825,81.94
2020-06-26,16.98,3009.05,43.27,85.16,117.75,59.65,324.86,46.069,79.62
2020-06-25,17.68,3083.76,42.23,86.0,114.82,60.51,327.39,46.777,81.5
2020-06-24,17.41,3050.33,39.76,84.5,113.27,59.84,319.38,44.663,81.31
2020-06-23,16.9,3131.29,41.76,83.64,116.69,59.92,327.69,46.199,84.53
2020-06-22,15.67,3117.86,39.83,81.79,117.02,59.09,325.29,45.92,84.66
2020-06-19,16.04,3097.74,36.73,87.58,113.53,58.64,314.67,45.222,84.41
2020-06-18,15.65,3115.34,36.72,82.42,110.72,60.79,313.02,45.78,86.43
2020-06-17,15.87,3113.49,35.51,82.8,112.49,62.01,316.21,45.681,87.35
2020-06-16,16.28,3124.74,35.75,78.0,114.76,60.98,312.49,46.538,88.29
2020-06-15,16.27,3066.59,33.22,77.67,110.5,59.51,309.22,45.342,86.49
2020-06-12,17.85,3041.31,32.73,73.11,105.44,57.99,302.83,45.182,85.04
2020-06-11,16.96,3002.1,31.58,71.51,106.63,57.24,298.81,42.879,84.6
2020-06-10,18.19,3190.14,35.01,72.8,113.23,60.7,321.89,46.488,89.4
2020-06-09,17.97,3207.18,35.14,69.38,112.97,58.82,303.0,49.769,89.1
2020-06-08,19.13,3232.39,35.74,68.31,113.87,59.17,309.67,51.723,90.24
2020-06-05,18.05,3193.93,34.07,69.7,114.83,59.04,311.71,50.457,91.82
2020-06-04,17.42,3112.35,32.45,66.27,110.53,56.52,310.08,47.466,89.74
2020-06-03,16.86,3122.87,32.01,68.15,112.22,56.73,318.03,46.139,89.97
2020-06-02,15.58,3080.82,32.77,67.3,110.49,55.62,316.48,42.709,88.14
2020-06-01,15.6,3055.73,33.31,65.76,110.57,54.73,312.19,41.44300000000001,89.68
2020-05-29,15.81,3044.31,32.24,66.87,111.27,54.33,308.88,41.094,89.39
2020-05-28,15.22,3029.73,33.09,60.36,117.99,51.02,306.13,41.383,89.12
2020-05-27,15.78,3036.13,33.67,60.32,122.05,52.16,300.92,43.397,88.45
2020-05-26,15.84,2991.77,33.71,64.89,118.0,52.6,290.84,40.635,88.28
2020-05-22,15.05,2955.45,35.69,68.7,114.4,49.9,294.72,37.893,86.25
2020-05-21,15.89,2948.51,35.84,60.0,114.44,52.57,292.66,37.633,86.4
2020-05-20,16.77,2971.61,36.63,60.9,113.01,54.31,295.54,38.321,86.69
2020-05-19,17.1,2922.94,36.49,63.09,110.12,54.26,294.84,35.809,83.93
2020-05-18,15.6,2953.91,38.24,66.46,111.41,55.53,295.93,35.938,83.98
2020-05-15,14.53,2863.7,35.85,61.3,104.7,50.85,294.38,32.598,79.54
2020-05-14,14.75,2852.5,35.6,60.84,100.67,48.96,294.99,32.677,80.32
2020-05-13,14.62,2820.0,34.155,59.83,97.9,47.81,285.99,32.239000000000004,79.71
2020-05-12,15.13,2870.12,35.94,57.83,99.73,47.03,289.15,34.522,82.515
2020-05-11,15.81,2930.32,36.3,54.94,103.85,46.72,299.45,36.965,82.8
2020-05-08,15.82,2929.8,34.14,54.6,103.86,46.78,287.9,37.903,83.79
2020-05-07,15.92,2881.19,35.13,50.05,99.2,44.76,294.26,35.21,81.55
2020-05-06,15.62,2848.42,34.23,49.2,99.5,43.3,283.59,33.884,80.13
2020-05-05,15.03,2868.44,35.4,48.72,99.42,43.12,282.08,36.895,79.62
2020-05-04,15.36,2842.74,34.16,46.37,94.41,42.25,273.76,37.254,78.0
2020-05-01,14.8,2830.71,32.56,45.43,93.29,41.38,270.75,37.813,78.55
2020-04-30,15.82,2912.43,34.43,47.44,97.44,43.1,277.6,38.102,80.11
2020-04-29,16.24,2939.51,36.53,48.86,103.68,44.34,272.74,38.571,83.01
2020-04-28,15.22,2863.39,37.26,48.06,99.16,43.58,264.25,34.771,80.65
2020-04-27,15.68,2878.48,39.47,51.19,98.85,45.58,275.85,35.17,76.07
2020-04-24,15.19,2836.74,38.89,49.57,97.55,45.05,271.8,32.219,73.83
2020-04-23,15.77,2797.8,38.45,49.17,96.97,44.94,268.41,33.804,68.84
2020-04-22,15.47,2799.31,36.94,52.15,96.68,44.99,268.12,33.525,68.08
2020-04-21,14.8,2736.56,36.62,50.94,94.15,43.24,259.23,33.954,66.145
2020-04-20,15.91,2823.16,38.89,50.11,99.37,45.2,267.34,36.686,68.63
2020-04-17,16.57,2874.56,36.55,44.46,99.31,46.15,265.16,40.386,72.1
2020-04-16,16.18,2799.55,34.83,45.12,96.49,47.5,261.12,37.743,69.15
2020-04-15,16.41,2783.36,35.33,43.89,96.81,44.6,257.82,39.877,70.09
2020-04-14,17.08,2846.06,36.77,43.03,102.08,43.86,263.01,41.931,71.14
2020-04-13,16.57,2761.63,34.85,41.42,99.04,42.78,254.39,40.565,70.67
2020-04-09,15.93,2789.82,33.87,41.04,101.34,42.16,258.58,43.87600000000001,74.99
2020-04-08,15.7,2749.98,31.51,39.71,96.35,41.17,254.73,40.884,71.98
2020-04-07,15.23,2659.41,29.39,40.63,89.64,41.99,251.74,40.784,69.9
2020-04-06,14.9,2663.68,28.94,38.49,92.0,41.56,254.43,40.755,65.39
2020-04-03,14.07,2488.65,26.12,36.9,84.66,39.89,234.55,34.911,61.8
2020-04-02,14.18,2526.9,26.91,36.28,86.48,40.08,239.7,38.351,64.41
2020-04-01,13.6,2470.5,26.52,35.9,83.03,40.91,230.66,38.351,64.79
2020-03-31,14.85,2584.59,28.77,36.03,93.17,40.5,242.24,41.19300000000001,68.52
2020-03-30,14.93,2626.65,28.97,35.63,93.53,40.39,241.02,43.76600000000001,71.84
2020-03-27,14.85,2541.47,28.12,35.32,88.96,40.15,231.75,41.662,70.3
2020-03-26,17.29,2630.07,30.59,37.01,96.37,42.01,230.38,42.968,72.56
2020-03-25,16.48,2475.56,29.22,37.26,87.77,41.35,214.23,36.387,71.59
2020-03-24,16.75,2447.33,28.63,36.05,85.71,41.01,204.99,34.253,68.98
2020-03-23,13.92,2237.4,25.58,34.1,79.01,38.61,182.94,32.568000000000005,58.78
2020-03-20,13.32,2304.92,27.79,33.57,84.78,37.66,183.29,34.951,60.15
2020-03-19,13.02,2409.39,26.0,33.8,88.6,37.21,193.18,38.391,69.99
2020-03-18,12.51,2398.1,20.56,31.77,88.53,37.7,205.13,40.485,67.19
2020-03-17,13.55,2529.19,21.97,33.39,94.8,38.35,215.88,42.111,69.53
2020-03-16,12.36,2386.13,21.76,32.19,87.37,35.24,223.83,38.401,66.57
2020-03-13,17.41,2711.02,26.32,33.76,99.51,39.71,254.17,43.158,73.84
2020-03-12,17.81,2480.64,25.01,32.81,94.4,38.26,241.0,41.622,68.85
2020-03-11,19.0,2741.38,28.56,35.06,102.08,41.53,245.58,45.86,75.73
2020-03-10,19.25,2882.23,29.89,37.69,108.06,41.8,255.36,51.035,79.04
2020-03-09,18.35,2746.56,30.0,36.51,101.07,39.91,242.83,47.974,75.91
2020-03-06,22.19,2972.37,33.4,36.76,112.0,42.16,249.89,52.581,80.19
2020-03-05,23.0,3023.94,35.59,36.12,116.51,44.62,255.16,55.51300000000001,83.52
2020-03-04,22.6,3130.12,36.93,36.29,118.08,43.91,263.03,56.48,86.99
2020-03-03,21.9,3003.37,35.15,35.79,111.24,41.46,251.25,55.174,83.76
2020-03-02,22.89,3090.23,35.5,37.51,108.91,43.3,261.99,55.403,86.69
2020-02-28,22.84,2954.22,35.36,35.78,102.99,38.51,254.51,54.286,84.48
2020-02-27,23.59,2978.76,36.0,35.18,105.62,38.4,250.15,57.00899999999999,84.59
2020-02-26,25.42,3116.39,36.06,34.53,110.87,39.92,259.45,57.168,88.36
2020-02-25,25.83,3128.21,34.12,32.8,107.31,38.84,256.71,56.809,88.94
2020-02-24,26.55,3225.89,36.39,33.14,112.78,39.37,269.81,59.674,92.77
2020-02-21,27.21,3337.75,38.49,34.57,116.19,40.42,278.11,62.111,95.25
2020-02-20,28.24,3373.23,39.74,36.32,116.97,41.48,281.45,62.688,97.3
2020-02-19,28.22,3386.15,39.93,37.13,116.26,42.95,290.97,62.668,104.5
2020-02-18,25.66,3370.29,40.55,36.44,111.1,42.32,286.75,63.335,102.42
2020-02-14,25.5,3380.16,41.27,37.12,113.26,41.97,288.78,64.807,103.25
2020-02-13,25.73,3373.94,41.05,37.42,115.75,42.01,285.05,64.887,103.35
2020-02-12,28.64,3379.45,42.41,36.81,113.72,41.64,283.28,64.21,102.49
2020-02-11,25.74,3357.75,41.58,36.0,110.23,40.78,283.38,63.584,102.31
2020-02-10,21.69,3352.09,42.85,34.5,109.3,40.1,279.15,63.63399999999999,102.53
2020-02-07,21.64,3327.71,40.43,34.28,101.35,39.99,278.4,64.51899999999999,102.58
2020-02-06,22.25,3345.78,41.1,36.38,102.92,40.38,280.67,64.628,102.95
2020-02-05,21.54,3334.69,43.72,35.72,104.07,39.94,274.4,66.946,102.16
2020-02-04,20.51,3297.59,43.9,36.51,104.28,40.35,279.12,67.413,102.65
2020-02-03,19.36,3248.92,43.26,35.79,103.74,39.2,275.77,65.47399999999999,100.8
2020-01-31,18.7,3225.52,41.91,35.22,103.59,37.69,271.01,64.947,101.46
2020-01-30,19.44,3283.66,41.52,35.93,107.5,38.49,283.73,67.025,102.35
2020-01-29,19.6,3273.4,44.04,36.74,109.68,39.14,280.8,68.219,100.72
2020-01-28,19.66,3276.24,45.4,36.96,107.09,38.91,278.64,67.77199999999999,100.71
2020-01-27,19.39,3243.63,44.01,36.59,104.98,37.65,277.31,67.264,99.5
2020-01-24,20.39,3295.47,44.61,37.34,106.67,39.55,280.77,65.84100000000001,100.29
2020-01-23,20.72,3325.54,46.21,38.37,102.99,40.77,285.9,67.602,99.9
2020-01-22,21.2,3321.75,47.58,38.86,102.57,40.97,287.62,67.622,99.64
2020-01-21,22.21,3320.79,47.59,39.34,102.41,40.06,284.84,68.348,98.6
2020-01-17,22.83,3329.62,56.42,39.43,103.52,40.35,285.8,69.482,97.12
2020-01-16,22.62,3316.81,57.11,39.51,103.92,39.56,289.92,68.796,97.21
2020-01-15,23.2,3289.29,56.93,38.67,102.29,39.78,288.49,66.389,96.67
2020-01-14,24.35,3283.15,57.5,38.02,102.14,40.29,284.02,67.692,96.34
2020-01-13,23.09,3288.13,56.66,39.35,100.91,40.31,282.29,68.657,96.26
2020-01-10,22.54,3265.35,58.01,38.42,98.73,39.11,281.64,67.145,95.31
2020-01-09,22.78,3274.7,58.94,39.66,99.4,38.9,277.94,68.558,95.29
2020-01-08,22.23,3253.05,59.8,40.5,100.03,38.3,271.68,66.797,94.01
2020-01-07,22.74,3237.18,59.58,41.21,102.9,38.32,266.12,65.583,93.37
2020-01-06,22.49,3246.28,59.435,40.09,101.25,38.0,266.93,65.493,93.49
2020-01-03,22.59,3234.85,61.56,40.89,101.67,37.99,264.77,64.658,92.66
2020-01-02,23.84,3257.85,63.12,41.23,102.01,37.73,265.02,63.812,93.48
2019-12-31,22.49,3230.78,63.43,37.82,100.59,35.23,261.13,63.236,90.94
2019-12-30,22.22,3221.29,64.2,38.15,101.12,35.4,261.6,62.828,90.86
2019-12-27,22.65,3240.02,64.93,39.24,101.71,35.93,263.98,62.549,90.82
2019-12-26,22.91,3239.91,66.99,38.57,101.97,36.24,261.43,63.206,91.02
2019-12-24,22.98,3223.38,64.56,38.04,101.68,36.28,263.26,63.18600000000001,90.91
2019-12-23,22.9,3224.01,63.76,37.89,101.02,36.26,263.98,63.306,89.87
2019-12-20,22.01,3221.22,63.49,37.36,101.8,35.31,261.55,62.549,90.72
2019-12-19,21.84,3205.37,67.68,37.52,101.4,34.78,256.19,62.649,89.4
2019-12-18,21.54,3191.14,66.51,37.72,101.24,34.44,253.09,63.574,89.9
2019-12-17,22.3,3192.52,65.85,38.71,100.81,34.69,257.17,64.081,90.38
2019-12-16,21.8,3191.45,65.38,38.68,101.19,34.64,255.47,64.48899999999999,90.19
2019-12-13,21.69,3168.8,66.46,36.46,99.05,34.0,252.9,64.16,88.62
2019-12-12,21.83,3168.57,67.32,38.09,99.58,33.82,251.88,64.748,88.48
2019-12-11,21.3,3141.63,68.22,37.31,99.54,33.24,250.45,64.608,88.29
2019-12-10,20.28,3132.52,70.86,38.13,100.51,33.26,252.84,63.226000000000006,88.375
2019-12-09,20.42,3135.96,67.77,37.52,99.06,33.25,249.02,64.042,88.2
2019-12-06,20.28,3145.91,67.27,37.52,101.74,32.93,251.37,63.942,88.58
2019-12-05,19.77,3117.43,65.53,36.58,98.76,32.54,251.86,62.927,88.24
2019-12-04,18.99,3112.76,66.46,35.85,98.32,31.56,251.86,62.678,87.05
2019-12-03,18.57,3093.2,68.66,36.17,97.56,32.03,248.66,62.25100000000001,87.28
2019-12-02,18.6,3113.87,63.33,36.04,97.5,32.29,251.3,59.44600000000001,87.96
2019-11-29,18.35,3140.98,73.01,35.95,98.5,32.65,251.58,59.237,89.0
2019-11-27,18.38,3153.63,69.01,35.86,99.04,33.15,250.65,59.684,90.23
2019-11-26,17.35,3140.52,67.7,36.98,98.5,32.86,252.85,59.525,90.8
2019-11-25,16.95,3133.64,56.99,36.52,97.31,32.64,251.87,58.799,89.94
2019-11-22,17.29,3110.29,49.2,33.99,93.69,31.95,257.02,59.784,89.26
2019-11-21,17.46,3103.54,49.06,31.58,93.85,32.17,260.69,57.267,87.85
2019-11-20,17.41,3108.46,48.35,31.4,94.84,31.68,260.5,73.223,84.92
2019-11-19,16.44,3120.18,50.5,40.72,94.77,32.44,264.6,72.367,86.38
2019-11-18,14.87,3122.03,48.17,41.51,94.28,32.8,260.53,73.084,86.0
2019-11-15,14.95,3120.46,47.44,42.76,93.26,33.55,259.78,73.044,85.99
2019-11-14,15.03,3096.63,48.5,41.32,93.53,33.57,257.36,72.337,85.82
2019-11-13,14.81,3094.04,48.51,41.69,92.47,33.37,259.31,71.959,83.6
2019-11-12,16.05,3091.84,45.275,41.57,93.14,33.57,257.51,72.527,82.3
2019-11-11,15.5,3087.01,42.94,41.92,96.14,33.21,252.68,72.029,82.97
2019-11-08,15.14,3093.08,42.1,43.23,93.4,33.23,254.74,72.42699999999998,81.46
2019-11-07,14.83,3085.18,39.6,43.31,92.69,33.28,263.14,72.39699999999998,81.62
2019-11-06,14.61,3076.78,39.22,43.49,92.9,32.87,261.45,73.462,81.86
2019-11-05,14.6,3074.62,39.73,43.53,93.6,32.98,264.15,73.90899999999998,82.25
2019-11-04,14.61,3078.27,39.46,42.53,93.13,33.12,278.66,72.63600000000002,82.14
2019-11-01,14.79,3066.91,41.48,41.49,91.8,31.49,276.87,73.87,82.91
2019-10-31,14.44,3037.56,40.05,40.88,96.58,31.15,285.01,73.352,82.64
2019-10-30,14.28,3046.77,40.03,40.88,92.67,31.69,273.85,74.52600000000002,84.0
2019-10-29,14.65,3036.89,39.9,40.5,91.45,31.78,270.87,72.149,84.68
2019-10-28,14.74,3039.42,39.26,42.58,93.25,31.73,266.42,71.691,83.98
2019-10-25,14.78,3022.55,38.55,40.84,90.71,31.16,268.29,71.771,83.94
2019-10-24,15.26,3010.29,36.87,39.96,90.32,30.72,268.33,70.805,84.63
2019-10-23,14.65,3004.52,39.65,35.5,89.71,30.76,267.93,69.76100000000001,83.04
2019-10-22,14.66,2995.99,38.975,34.37,87.07,30.27,270.84,70.706,83.13
2019-10-21,15.32,3006.72,36.5,34.0,86.55,31.03,278.88,70.318,83.62
2019-10-18,15.33,2986.2,35.95,33.38,87.33,29.93,282.83,69.413,82.32
2019-10-17,15.4,2997.95,36.6,34.2,85.74,30.74,282.13,71.551,81.02
2019-10-16,14.96,2989.69,34.51,33.74,86.01,31.24,279.57,72.188,81.38
2019-10-15,16.01,2995.68,34.345,33.94,84.67,31.0,282.26,68.657,81.74
2019-10-14,16.01,2966.15,32.98,32.84,83.34,29.83,275.68,68.766,81.68
2019-10-11,15.71,2970.27,32.55,32.86,82.49,29.71,276.8,68.438,81.37
2019-10-10,15.79,2938.13,32.0,31.94,86.15,28.58,272.24,67.821,81.055
2019-10-09,15.37,2919.4,31.23,31.78,83.84,28.38,271.91,68.388,80.48
2019-10-08,16.02,2893.06,31.48,31.25,76.83,27.73,267.72,67.891,80.15
2019-10-07,15.65,2938.79,31.83,31.67,77.98,28.85,272.05,68.29899999999999,79.76
2019-10-04,16.02,2952.01,30.6,33.35,78.0,28.99,276.6,68.259,79.99
2019-10-03,15.58,2910.63,29.92,32.95,77.25,28.8,270.03,67.125,79.22
2019-10-02,14.84,2887.61,28.92,32.59,76.36,28.06,268.71,66.807,77.43
2019-10-01,15.26,2940.25,28.14,32.75,76.73,28.19,268.98,67.195,79.53
2019-09-30,15.95,2976.74,28.18,32.22,78.34,28.21,271.93,70.06,80.33
2019-09-27,16.82,2961.79,26.96,31.28,78.86,27.82,272.48,70.865,79.71
2019-09-26,17.97,2977.62,27.27,32.65,80.94,29.58,275.06,70.447,80.91
2019-09-25,19.27,2984.87,28.26,32.25,80.84,29.99,274.8,71.124,81.04
2019-09-24,18.92,2966.6,28.08,30.99,78.69,29.41,272.13,69.25399999999999,81.69
2019-09-23,20.92,2991.78,28.88,33.82,79.7,30.33,275.79,70.398,81.795
2019-09-20,20.37,2992.07,28.86,34.08,79.99,30.94,274.17,71.70100000000002,82.58
2019-09-19,20.77,3006.79,29.09,34.62,79.98,31.05,273.79,72.19800000000002,82.23
2019-09-18,20.38,3006.73,29.28,34.37,81.33,31.04,272.73,72.586,82.57
2019-09-17,20.33,3005.7,29.54,35.43,82.26,31.17,271.86,72.616,83.44
2019-09-16,20.31,2997.96,29.44,34.73,82.26,30.85,265.64,72.566,82.18
2019-09-13,19.56,3007.39,29.95,35.9,83.23,31.23,265.47,71.293,81.81
2019-09-12,19.14,3009.57,30.14,36.16,82.89,31.52,271.05,69.89,80.88
2019-09-11,19.4,3000.93,30.89,36.67,83.02,31.07,270.99,68.518,80.75
2019-09-10,19.16,2979.39,28.72,34.85,80.72,30.87,267.63,66.23899999999999,80.96
2019-09-09,19.64,2978.43,28.7,34.98,80.87,31.48,267.2,66.96600000000001,82.29
2019-09-06,21.14,2978.71,31.51,34.98,79.84,31.08,288.47,66.64699999999999,81.38
2019-09-05,22.45,2976.0,31.84,34.87,80.31,30.84,289.93,68.328,80.61
2019-09-04,22.47,2937.78,34.24,34.0,75.79,29.88,288.9,67.97,75.66
2019-09-03,21.0,2906.27,33.23,33.25,73.79,29.45,286.08,69.393,74.76
2019-08-30,21.87,2926.46,34.17,32.77,77.99,30.5,289.74,68.906,75.39
2019-08-29,20.19,2924.58,34.86,33.61,77.19,30.74,289.29,68.736,75.74
2019-08-28,19.8,2887.94,34.36,30.93,76.71,30.3,285.56,68.02,75.01
2019-08-27,19.23,2869.16,32.92,30.87,75.05,29.92,284.77,68.229,74.63
2019-08-26,19.0,2878.38,32.22,30.61,74.97,29.74,277.13,68.23899999999999,73.78
2019-08-23,18.5,2847.11,30.88,29.49,74.77,28.77,270.44,67.821,73.68
2019-08-22,19.25,2922.95,32.12,30.59,76.28,29.49,279.88,70.135,76.24
2019-08-21,19.83,2924.43,34.5,30.11,74.65,30.74,280.96,70.234,76.87
2019-08-20,19.73,2900.51,33.72,25.96,74.13,31.42,281.41,68.934,75.79
2019-08-19,19.63,2923.65,33.72,25.57,74.34,31.58,279.53,69.142,76.18
2019-08-16,19.34,2888.68,31.19,25.01,73.77,31.29,275.41,67.921,75.5
2019-08-15,18.28,2847.6,29.18,23.87,71.92,30.16,273.07,66.75,74.55
2019-08-14,18.05,2840.6,29.78,23.56,71.97,29.63,269.81,65.817,74.31
2019-08-13,19.6,2926.32,29.63,23.78,73.26,30.66,280.91,67.931,76.29
2019-08-12,19.88,2883.75,29.26,22.36,72.42,27.16,275.78,68.626,75.29
2019-08-09,20.35,2918.65,29.05,22.6,73.0,27.1,278.86,70.293,75.62
2019-08-08,20.74,2938.09,29.14,22.81,73.35,27.54,275.57,69.906,75.64
2019-08-07,19.95,2883.98,28.75,22.13,72.47,26.57,267.87,71.376,75.05
2019-08-06,18.93,2881.77,28.5,21.96,72.08,26.48,270.38,65.875,74.6
2019-08-05,18.61,2844.74,27.24,22.17,70.0,26.17,260.07,62.899,73.4
2019-08-02,19.9,2932.05,29.12,22.99,71.0,28.01,268.71,64.595,76.14
2019-08-01,20.05,2953.56,29.53,22.66,70.92,28.61,268.3,65.20100000000001,76.74
2019-07-31,19.59,2980.38,29.06,22.27,72.3,29.91,282.05,65.718,77.53
2019-07-30,20.08,3013.18,29.55,21.95,73.25,30.42,286.05,65.865,77.82
2019-07-29,19.95,3020.97,28.67,21.91,72.49,31.39,284.91,66.72,78.3
2019-07-26,19.54,3025.86,29.52,21.61,73.5,31.55,283.94,67.494,79.43
2019-07-25,19.21,3003.67,28.79,21.51,72.8,31.83,283.56,68.15,79.14
2019-07-24,20.03,3019.56,29.23,20.93,72.66,32.2,285.4,68.18,79.37
2019-07-23,20.43,3005.47,29.78,20.99,73.0,31.85,286.82,66.17399999999999,79.23
2019-07-22,20.88,2985.03,29.98,20.14,71.49,30.66,287.07,66.918,78.24
2019-07-19,20.23,2976.61,29.17,20.05,71.11,30.99,284.69,66.015,77.51
2019-07-18,20.43,2995.11,29.63,20.19,70.88,30.58,289.85,66.125,77.81
2019-07-17,20.7,2984.42,28.52,19.97,68.69,30.71,284.73,66.402,77.04
2019-07-16,20.26,3004.04,28.16,20.12,71.56,30.72,283.66,66.165,77.47
2019-07-15,20.3,3014.3,27.8,19.35,71.51,31.03,284.08,66.125,77.5
2019-07-12,20.09,3013.77,27.15,19.14,70.52,31.08,284.24,66.94800000000001,77.33
2019-07-11,19.99,2999.91,26.29,19.34,69.08,30.51,285.46,66.17399999999999,76.79
2019-07-10,21.61,2993.07,26.58,19.84,69.79,30.71,282.53,66.898,75.78
2019-07-09,22.24,2979.63,26.78,20.48,70.41,30.75,279.55,66.859,75.26
2019-07-08,22.39,2975.95,26.26,20.04,70.74,30.57,276.75,66.313,74.14
2019-07-05,23.16,2990.41,26.53,20.29,71.11,31.03,278.49,66.512,74.6
2019-07-03,22.62,2995.82,26.78,20.09,71.08,31.5,278.87,65.965,74.97
2019-07-02,22.77,2973.01,26.35,20.31,70.82,31.45,277.01,65.191,74.8
2019-07-01,22.43,2964.33,26.49,20.64,70.5,31.19,280.16,64.516,74.97
2019-06-28,21.69,2941.76,26.5,20.63,69.41,30.29,275.33,64.01,74.74
2019-06-27,22.28,2924.92,28.82,20.76,69.77,30.29,272.05,62.61,73.36
2019-06-26,21.75,2913.78,27.7,20.45,68.49,30.14,269.89,61.806,73.39
2019-06-25,20.98,2917.38,27.52,20.54,68.87,28.5,271.31,61.617,73.38
2019-06-24,22.45,2945.35,27.5,20.75,68.92,28.91,275.01,61.756,73.77
2019-06-21,22.25,2950.46,28.12,21.05,68.61,29.06,273.93,62.739,73.94
2019-06-20,22.65,2954.18,27.29,20.95,67.79,29.12,272.88,61.449,74.75
2019-06-19,23.4,2926.46,27.51,20.96,65.83,28.66,274.28,60.158,74.07
2019-06-18,23.27,2917.75,27.89,20.89,65.4,28.26,269.72,60.0,73.37
2019-06-17,22.6,2889.67,26.45,20.59,64.26,27.33,268.25,58.877,73.22
2019-06-14,24.63,2886.98,25.82,20.51,64.75,27.05,267.74,60.694,73.81
2019-06-13,24.71,2891.64,26.13,20.47,65.44,27.54,267.16,62.223,74.77
2019-06-12,24.02,2879.84,26.37,20.41,63.1,27.24,265.05,61.617,74.79
2019-06-11,23.57,2885.72,26.99,20.05,62.57,28.0,263.93,61.488,73.69
2019-06-10,23.78,2886.73,26.54,20.2,62.75,27.26,268.47,59.493,74.84
2019-06-07,23.0,2873.34,27.05,19.78,60.22,26.8,264.92,59.364,74.65
2019-06-06,22.78,2843.49,26.61,19.37,58.83,26.24,259.68,59.165,73.74
2019-06-05,22.7,2826.15,26.42,19.13,58.11,26.19,256.6,59.344,73.07
2019-06-04,23.0,2803.27,25.55,19.28,57.87,26.8,252.88,59.254,72.37
2019-06-03,21.27,2744.45,24.41,19.03,55.82,25.76,245.59,57.11,71.3
2019-05-31,20.11,2752.06,23.71,19.42,55.15,25.76,249.77,56.008,71.48
2019-05-30,19.88,2788.86,24.6,19.65,55.85,26.35,249.7,55.979,71.55
2019-05-29,19.26,2783.02,24.99,19.98,55.69,26.01,247.45,55.969,70.49
2019-05-28,19.48,2802.39,25.02,20.23,56.45,26.27,246.85,57.279,71.7
2019-05-24,18.16,2826.06,24.04,20.28,56.5,26.32,256.11,58.302,70.99
2019-05-23,17.65,2822.24,21.97,20.53,56.24,26.7,253.57,57.905,69.94
2019-05-22,19.07,2856.27,21.79,20.46,57.1,28.23,250.38,60.397,64.79
2019-05-21,18.86,2864.36,21.35,21.52,57.03,29.05,249.33,60.525,65.94
2019-05-20,17.94,2840.23,18.94,20.78,56.46,28.36,248.54,60.754,65.36
2019-05-17,17.63,2859.53,19.46,22.7,56.55,29.31,249.56,61.429,65.6
2019-05-16,17.99,2876.32,19.47,22.86,57.18,30.46,251.97,61.548,67.07
2019-05-15,17.4,2850.96,19.17,22.03,56.64,30.44,249.55,62.889,66.31
2019-05-14,17.69,2834.41,18.6,22.15,56.92,29.67,246.18,62.51,65.8
2019-05-13,17.38,2811.87,18.025,20.75,57.08,28.18,242.62,60.158,65.23
2019-05-10,18.61,2881.4,19.51,22.4,58.08,28.17,247.83,59.205,66.87
2019-05-09,18.42,2870.72,19.45,23.13,58.08,27.51,246.22,58.112,66.35
2019-05-08,18.54,2879.42,18.33,23.19,58.04,26.89,245.79,58.372,66.22
2019-05-07,19.69,2884.05,18.01,22.82,58.75,27.13,245.45,58.769,66.0
2019-05-06,19.25,2932.47,18.55,23.74,59.39,28.7,251.88,59.066,67.02
2019-05-03,20.99,2945.64,18.14,23.96,59.99,30.05,250.47,59.245,67.11
2019-05-02,19.53,2917.52,17.81,23.13,57.5,29.99,242.34,56.306,66.74
2019-05-01,19.18,2923.73,17.43,23.3,54.82,30.2,234.06,55.74,66.01
2019-04-30,19.46,2945.83,17.98,22.23,54.99,30.27,232.0,56.36600000000001,67.32
2019-04-29,19.42,2943.03,18.34,22.28,54.99,29.865,230.68,56.06800000000001,67.08
2019-04-26,19.79,2939.88,19.0,21.92,55.34,29.13,232.47,55.86,66.86
2019-04-25,19.73,2926.17,19.05,23.07,54.78,29.2,227.59,55.136,65.76
2019-04-24,19.71,2927.25,18.94,23.94,56.27,29.66,224.58,56.207,66.53
2019-04-23,19.7,2933.68,19.07,24.43,55.51,29.78,224.45,55.76,65.86
2019-04-22,19.76,2907.97,18.53,24.0,54.33,29.65,221.59,53.854,64.99
2019-04-18,19.03,2905.03,18.17,23.55,55.02,30.01,218.49,53.924,65.06
2019-04-17,19.03,2900.45,18.38,23.02,54.48,29.85,215.53,53.041,64.8
2019-04-16,18.57,2907.06,19.25,22.5,53.98,29.91,222.17,54.609,65.18
2019-04-15,17.98,2905.58,18.65,22.01,54.36,29.66,225.22,54.857,65.21
2019-04-12,17.71,2907.41,18.32,21.69,54.93,30.57,225.32,55.553,65.37
2019-04-11,17.17,2888.32,19.05,21.67,54.61,30.2,223.76,55.343,64.89
2019-04-10,18.57,2888.21,19.49,21.95,54.06,30.17,224.52,55.601000000000006,64.27
2019-04-09,19.53,2878.2,19.22,22.35,53.42,30.9,224.78,55.403,64.24
2019-04-08,19.86,2895.77,19.75,21.83,54.5,30.79,227.75,55.403,64.64
2019-04-05,19.87,2892.74,19.98,21.6,53.83,31.24,227.77,56.405,63.95
2019-04-04,19.82,2879.39,19.35,22.6,53.0,30.25,225.93,56.207,62.99
2019-04-03,19.87,2873.4,19.49,23.51,52.39,30.31,227.58,55.224,63.73
2019-04-02,19.3,2867.24,18.78,24.46,52.15,30.29,224.92,55.224,63.16
2019-04-01,18.85,2867.19,18.3,24.67,52.66,31.26,225.12,56.008,62.18
2019-03-29,18.0,2834.4,18.35,24.8,51.23,30.15,223.6,55.83,60.59
2019-03-28,17.61,2815.44,18.09,23.32,50.76,29.41,220.56,54.53,59.87
2019-03-27,16.98,2805.37,17.76,23.61,50.48,29.16,218.84,54.31100000000001,59.7
2019-03-26,16.82,2818.46,18.42,23.36,50.44,28.81,220.0,54.738,60.26
2019-03-25,17.35,2798.36,18.07,23.34,49.58,28.39,219.24,54.173,59.53
2019-03-22,17.14,2800.71,17.77,23.5,49.73,28.0,219.43,54.153,59.25
2019-03-21,19.61,2854.88,19.07,24.83,51.9,28.76,225.69,57.339,59.76
2019-03-20,21.55,2824.23,18.54,24.61,51.55,28.08,219.27,56.078,59.15
2019-03-19,20.83,2832.57,18.83,25.26,52.56,28.31,218.3,56.445,58.87
2019-03-18,19.92,2832.94,18.88,25.83,53.05,28.14,215.74,56.902,59.09
2019-03-15,19.22,2822.48,18.62,24.52,52.89,27.93,216.21,55.096,59.03
2019-03-14,19.31,2808.48,18.55,24.39,52.83,27.89,210.87,55.353,59.2
2019-03-13,18.44,2810.92,19.3,25.12,52.9,28.13,209.89,54.668,59.67
2019-03-12,18.46,2791.52,19.32,30.43,52.67,28.11,205.97,54.996,59.16
2019-03-11,18.42,2783.3,19.06,29.93,52.79,27.62,204.72,55.969,58.92
2019-03-08,16.67,2743.07,18.41,28.46,51.52,27.05,201.74,55.165,58.24
2019-03-07,16.73,2748.93,18.13,29.09,51.27,27.84,203.89,56.058,58.27
2019-03-06,16.67,2771.45,18.0,29.99,51.07,29.03,207.81,56.018,57.74
2019-03-05,18.36,2789.65,19.64,30.78,52.14,29.35,210.8,58.262,58.11
2019-03-04,19.18,2792.81,19.84,31.14,52.66,28.89,213.41,59.096,58.08
2019-03-01,20.81,2803.69,20.18,29.99,52.5,28.73,215.93,60.932,58.4
2019-02-28,20.59,2784.49,19.52,29.94,51.56,27.71,211.03,61.25,58.67
2019-02-27,20.07,2792.38,19.7,28.56,51.89,25.97,208.97,61.518,58.48
2019-02-26,20.5,2793.9,19.15,29.14,51.97,26.59,207.74,60.875,58.91
2019-02-25,20.51,2796.11,19.12,29.01,52.8,26.19,210.1,62.132,59.21
2019-02-22,20.94,2792.67,18.4,29.38,52.94,25.95,209.18,62.112,58.29
2019-02-21,18.32,2774.88,18.02,28.5,53.12,24.27,205.99,61.299,56.53
2019-02-20,17.86,2784.7,18.1,29.33,53.85,24.68,211.44,60.61600000000001,53.48
2019-02-19,18.58,2779.76,18.13,29.09,52.74,24.64,211.32,60.181,53.32
2019-02-15,16.0,2775.6,17.92,27.52,52.63,23.96,210.26,59.775,54.03
2019-02-14,16.52,2745.73,17.61,27.03,52.18,24.33,206.94,56.804,53.93
2019-02-13,16.42,2753.03,17.28,27.01,51.16,24.61,210.39,55.813,53.41
2019-02-12,16.17,2744.73,17.35,26.95,51.42,24.68,209.5,54.664,53.26
2019-02-11,16.2,2709.8,16.92,26.74,50.21,24.28,206.64,55.643,52.19
2019-02-08,15.7,2707.88,15.66,25.95,49.99,23.99,207.74,57.397,51.73
2019-02-07,15.63,2706.05,13.3,26.51,49.81,23.98,206.81,58.804,51.29
2019-02-06,16.6,2731.61,13.84,28.0,50.78,25.11,208.83,64.282,51.93
2019-02-05,15.85,2737.7,13.81,30.33,52.83,25.42,207.98,64.628,51.84
2019-02-04,16.05,2724.87,14.35,29.93,52.79,24.29,203.16,64.548,51.53
2019-02-01,15.15,2706.53,14.3,28.96,52.98,24.63,205.38,63.361,50.92
2019-01-31,16.66,2704.1,14.12,29.21,52.93,24.85,212.78,63.658,50.63
2019-01-30,15.89,2681.05,13.62,28.82,52.94,24.64,207.68,63.648,50.14
2019-01-29,15.26,2640.0,13.2,30.19,52.75,23.52,204.29,63.39,49.58
2019-01-28,15.76,2643.85,13.18,29.0,53.07,23.72,205.7,63.232,49.84
2019-01-25,15.24,2664.76,13.72,29.5,53.62,23.63,208.85,63.37,50.08
2019-01-24,13.56,2642.33,13.05,28.74,53.46,22.1,206.16,62.548,49.51
2019-01-23,12.57,2638.7,12.81,26.67,52.85,21.97,201.64,62.003,49.27
2019-01-22,12.17,2632.9,13.1,25.17,54.08,21.68,201.31,61.449,49.64
2019-01-18,12.7,2670.71,14.52,24.99,54.74,23.26,200.87,61.755,50.06
2019-01-17,12.97,2635.96,14.63,24.54,54.13,22.14,196.9,60.4,49.74
2019-01-16,12.62,2616.1,14.51,25.14,53.57,22.33,197.24,59.517,49.32
2019-01-15,12.32,2610.3,14.66,24.41,53.44,22.25,196.01,58.19,49.36
2019-01-14,12.31,2582.61,14.22,24.37,52.89,22.04,189.79,58.032,49.92
2019-01-11,12.32,2596.26,14.87,26.16,53.54,22.88,192.91,58.715,50.66
2019-01-10,12.54,2596.64,15.0,26.38,53.26,23.4,192.72,58.15,50.6
2019-01-09,11.75,2584.96,14.76,25.54,52.77,23.69,192.22,57.665,50.3
2019-01-08,11.47,2574.41,14.5,24.0,51.97,22.95,189.29,56.724,49.63
2019-01-07,11.4,2549.69,14.11,23.21,51.07,22.76,186.89,55.743,48.83
2019-01-04,10.93,2531.94,13.18,22.69,51.14,22.27,187.43,54.357,48.56
2019-01-03,10.1,2447.89,12.05,21.52,49.15,20.35,178.02,52.733,46.89
2019-01-02,10.19,2510.03,13.12,22.21,50.99,21.27,182.46,52.584,47.68
2018-12-31,9.89,2506.85,12.42,22.44,49.7,20.93,186.02,53.227,47.78
2018-12-28,9.83,2485.74,11.94,22.06,49.11,21.71,185.88,52.791,47.52
2018-12-27,9.95,2488.83,11.97,21.9,49.16,21.7,187.95,53.357,47.82
2018-12-26,10.16,2467.7,11.96,21.51,48.4,21.1,185.6,52.198,47.43
2018-12-24,9.5,2351.1,10.74,21.3,45.53,19.75,176.18,50.364,44.94
2018-12-21,9.59,2416.62,11.21,21.13,47.2,21.08,184.94,51.405,45.9
2018-12-20,10.26,2467.42,12.87,21.49,48.8,19.91,185.04,52.237,46.86
2018-12-19,10.68,2506.96,13.45,22.32,50.2,20.17,183.9,53.545,47.04
2018-12-18,11.05,2546.16,13.73,23.0,51.43,21.04,187.57,55.703,46.96
2018-12-17,11.15,2545.94,13.96,22.18,51.5,21.35,183.79,55.051,47.19
2018-12-14,11.37,2599.95,14.32,23.1,52.12,22.17,190.27,55.853,48.04
2018-12-13,12.63,2650.54,14.8,22.58,53.52,22.71,194.97,55.823,49.38
2018-12-12,12.37,2651.07,15.19,22.65,53.19,21.89,199.73,55.367,49.26
2018-12-11,12.19,2636.78,13.62,20.81,51.54,20.91,196.47,54.782,48.56
2018-12-10,12.01,2637.72,13.66,20.11,52.69,20.51,196.0,55.091,48.34
2018-12-07,11.79,2633.08,13.13,20.61,52.52,20.93,190.01,54.605,47.28
2018-12-06,11.8,2695.95,13.63,22.54,52.83,21.23,199.69,55.497,49.04
2018-12-04,11.37,2700.06,13.53,23.32,52.41,21.45,196.8,55.595,49.28
2018-12-03,11.96,2790.37,15.09,23.97,56.2,22.01,206.36,60.121,50.74
2018-11-30,11.57,2760.17,14.52,22.96,56.92,21.23,203.76,60.606,51.18
2018-11-29,11.73,2737.76,14.61,22.44,56.77,20.97,201.12,58.467,51.71
2018-11-28,12.01,2743.79,14.8,22.9,57.18,21.38,202.41,60.42,51.74
2018-11-27,11.47,2682.17,13.42,22.45,56.19,20.84,194.4,57.823,49.99
2018-11-26,10.65,2673.45,13.5,21.22,55.23,20.46,196.7,65.559,50.19
2018-11-23,9.22,2632.56,13.0,22.5,54.54,19.27,192.65,63.518,48.73
2018-11-21,9.18,2649.93,12.95,23.66,56.56,20.34,193.49,63.528,50.09
2018-11-20,8.91,2641.89,12.3,23.14,55.56,19.49,192.16,63.618,47.3
2018-11-19,9.06,2690.73,12.21,19.84,56.19,21.11,193.52,65.094,48.54
2018-11-16,9.28,2736.27,13.39,20.83,56.8,23.05,201.37,67.639,51.01
2018-11-15,9.08,2730.2,12.98,20.38,56.32,24.2,200.57,65.27199999999999,50.8
2018-11-14,8.64,2701.58,12.06,19.15,55.55,22.76,196.69,63.32100000000001,49.82
2018-11-13,8.38,2722.18,12.47,17.15,54.9,22.39,198.84,64.529,48.82
2018-11-12,8.93,2726.22,12.83,17.22,53.58,22.01,198.82,66.134,49.27
2018-11-09,8.99,2781.01,14.49,18.31,54.51,21.7,207.17,68.40100000000001,50.27
2018-11-08,9.1,2806.83,15.35,19.28,54.75,22.4,209.67,68.709,50.44
2018-11-07,9.57,2813.89,16.01,20.72,56.13,24.07,209.79,69.035,50.8
2018-11-06,9.61,2755.45,14.79,19.64,54.11,23.6,202.27,66.896,50.03
2018-11-05,10.49,2738.31,14.48,20.05,52.65,24.15,201.45,65.203,50.36
2018-11-02,8.97,2723.06,14.49,20.37,52.27,24.05,204.91,65.124,50.29
2018-11-01,8.71,2740.37,14.22,20.34,53.72,25.45,205.06,65.243,50.16
2018-10-31,8.06,2711.74,12.72,17.65,50.73,23.52,212.12,64.984,48.91
2018-10-30,7.64,2682.63,12.46,17.2,50.34,22.38,210.22,64.192,48.5
2018-10-29,7.26,2641.25,12.25,17.37,49.19,21.98,203.91,63.222,47.04
2018-10-26,7.52,2658.69,12.66,18.2,49.73,22.58,203.45,64.658,47.26
2018-10-25,8.05,2705.57,12.57,18.56,50.85,22.56,210.78,64.708,48.41
2018-10-24,7.84,2656.1,11.98,17.32,50.33,21.76,206.95,63.292,46.33
2018-10-23,8.2,2740.69,12.96,18.51,53.24,23.23,218.12,64.529,49.85
2018-10-22,8.65,2755.88,12.98,19.95,55.13,23.54,219.78,65.143,50.48
2018-10-19,9.0,2767.78,13.05,18.68,55.95,23.01,218.4,65.183,49.28
2018-10-18,9.22,2768.78,13.35,18.8,56.5,23.33,224.33,66.738,49.76
2018-10-17,9.38,2809.21,13.49,19.99,56.3,23.68,228.49,68.561,50.99
2018-10-16,9.7,2809.92,13.87,20.81,57.18,24.63,225.79,69.738,51.08
2018-10-15,9.5,2750.79,13.15,21.11,55.51,24.14,216.9,67.906,50.22
2018-10-12,9.05,2767.13,13.11,21.62,54.63,24.45,222.42,67.03399999999999,50.38
2018-10-11,8.96,2728.37,12.88,20.82,54.47,23.48,214.11,66.34100000000001,49.05
2018-10-10,9.21,2785.68,12.64,20.33,57.05,22.71,217.21,67.253,49.96
2018-10-09,9.85,2880.34,13.76,22.34,57.05,23.78,223.9,69.263,51.46
2018-10-08,9.69,2884.43,13.75,21.19,57.04,23.89,224.29,69.333,51.26
2018-10-05,9.62,2885.57,14.74,21.78,56.13,23.62,229.24,70.067,51.89
2018-10-04,10.44,2901.61,15.33,22.7,56.03,24.32,231.11,70.66,51.74
2018-10-03,10.81,2925.51,18.56,26.28,55.41,25.14,239.36,70.908,52.76
2018-10-02,10.82,2923.43,19.7,25.66,55.21,24.9,242.38,70.35300000000001,51.23
2018-10-01,10.67,2924.59,19.21,27.69,56.49,25.49,248.92,71.601,52.63
2018-09-28,10.77,2913.98,19.17,26.29,56.41,26.09,249.66,72.35300000000002,51.53
2018-09-27,11.39,2914.0,19.0,26.33,56.3,25.43,248.68,71.017,51.12
2018-09-26,11.72,2905.97,19.11,26.06,57.17,25.2,244.39,70.67,51.65
2018-09-25,11.77,2915.56,19.37,26.94,58.0,24.54,245.84,71.561,51.52
2018-09-24,12.03,2919.37,18.7,26.49,58.19,24.51,242.71,70.373,51.42
2018-09-21,12.36,2929.67,17.77,25.6,57.97,26.49,241.13,71.36399999999998,52.58
2018-09-20,12.46,2930.75,18.88,24.65,58.02,26.93,242.02,70.22399999999999,56.13
2018-09-19,12.65,2907.95,18.58,23.0,57.32,26.92,240.9,71.165,55.58
2018-09-18,12.45,2904.31,18.84,22.64,58.46,25.75,245.22,72.79899999999998,64.17
2018-09-17,12.15,2888.8,18.21,24.36,58.15,25.73,242.94,72.94800000000002,63.73
2018-09-14,12.42,2904.98,18.91,26.34,57.5,27.11,247.94,74.73,64.83
2018-09-13,12.38,2904.18,18.33,29.96,57.66,27.76,249.29,73.444,66.03
2018-09-12,12.84,2888.92,19.13,23.04,58.14,27.63,245.65,74.384,66.24
2018-09-11,12.49,2887.89,19.82,23.57,59.44,27.09,242.43,75.028,66.45
2018-09-10,12.19,2877.13,20.3,19.74,58.83,26.53,246.11,74.78,65.91
2018-09-07,12.31,2871.68,19.74,19.57,55.72,26.95,242.55,74.73,65.53
2018-09-06,12.32,2878.05,19.39,19.11,55.5,27.25,244.26,74.334,65.1
2018-09-05,12.93,2888.6,14.1,18.8,54.9,26.3,245.65,74.13600000000002,64.68
2018-09-04,13.18,2896.72,15.31,20.75,54.94,29.43,251.0,74.681,64.9
2018-08-31,13.13,2901.52,14.76,19.35,55.49,31.3,254.04,74.979,64.31
2018-08-30,12.97,2901.13,14.4,17.99,54.93,31.0,253.48,74.334,64.39
2018-08-29,13.59,2914.04,14.68,21.15,55.32,31.95,254.46,76.01899999999998,64.12
2018-08-28,13.23,2897.52,14.73,19.54,55.07,32.16,251.7,75.979,64.07
2018-08-27,13.36,2896.74,14.74,19.17,54.79,32.67,251.34,75.583,63.79
2018-08-24,13.12,2874.69,14.69,17.22,54.36,31.4,249.5,74.842,62.73
2018-08-23,12.13,2856.98,14.39,18.31,54.26,31.39,245.97,73.508,62.99
2018-08-22,12.36,2861.82,14.39,18.4,56.11,32.34,245.89,72.51899999999998,63.0
2018-08-21,12.49,2862.96,14.1,18.75,55.74,32.8,242.52,72.618,62.47
2018-08-20,12.32,2857.05,14.17,18.95,54.66,33.04,242.48,72.37,61.67
2018-08-17,12.23,2850.13,14.51,19.0,54.8,32.22,243.5,73.654,60.98
2018-08-16,12.91,2840.69,14.33,19.04,54.8,31.97,243.26,73.21,60.82
2018-08-15,12.4,2818.37,14.75,17.7,54.13,32.36,241.57,71.579,60.06
2018-08-14,12.81,2839.96,16.35,19.0,54.87,33.87,243.37,73.063,59.51
2018-08-13,13.9,2821.93,16.3,19.44,53.9,35.07,240.57,72.618,59.3
2018-08-10,15.84,2833.28,16.89,19.51,54.69,35.79,243.52,72.222,60.23
2018-08-09,15.89,2853.58,16.51,20.0,55.27,36.02,244.63,70.343,60.0
2018-08-08,15.33,2857.7,16.12,20.27,55.54,36.0,246.22,71.134,59.37
2018-08-07,14.88,2858.45,15.1,20.89,55.68,36.5,245.52,66.389,59.16
2018-08-06,14.25,2850.4,14.24,20.16,55.14,35.9,242.91,66.488,58.51
2018-08-03,13.93,2840.35,14.54,19.07,55.76,36.17,242.64,65.943,57.43
2018-08-02,14.15,2827.22,15.32,19.66,55.39,36.29,240.8,67.872,57.8
2018-08-01,13.91,2813.36,15.14,20.31,54.47,36.28,236.15,67.921,57.57
2018-07-31,13.87,2816.29,14.57,22.59,53.75,35.86,244.93,67.328,57.39
2018-07-30,13.45,2802.6,14.0,22.5,52.9,35.16,237.76,65.747,56.21
2018-07-27,13.84,2818.82,16.07,24.6,52.81,36.21,241.27,66.983,56.94
2018-07-26,13.92,2837.44,17.44,26.7,53.28,36.64,247.98,68.316,58.12
2018-07-25,14.26,2846.07,16.89,,51.87,36.92,251.13,68.218,58.33
2018-07-24,13.77,2820.4,16.6,,51.61,35.31,248.07,67.822,57.37
2018-07-23,12.98,2806.98,16.51,,51.35,35.66,248.55,67.97,58.26
2018-07-20,13.31,2801.83,16.03,,50.87,35.51,248.14,68.119,58.98
2018-07-19,13.67,2804.49,16.31,,51.41,36.88,242.82,68.316,59.13
2018-07-18,13.69,2815.62,16.67,,51.02,37.53,239.1,68.365,59.32
2018-07-17,13.79,2809.55,16.45,,50.42,37.99,239.79,68.218,59.16
2018-07-16,14.05,2798.43,15.8,,52.38,38.04,237.92,68.169,58.43
2018-07-13,14.12,2801.31,16.41,,53.01,38.27,238.15,69.108,59.31
2018-07-12,13.85,2798.29,16.41,,52.76,38.52,237.46,69.058,58.88
2018-07-11,14.2,2774.02,16.42,,52.9,37.95,234.16,68.415,58.32
2018-07-10,14.52,2793.84,16.11,,53.57,38.59,234.1,68.61399999999999,58.71
2018-07-09,14.84,2784.17,16.4,,53.67,39.4,229.51,68.316,58.75
2018-07-06,13.96,2759.82,15.83,,53.22,39.46,225.53,67.575,58.01
2018-07-05,13.72,2736.61,15.3,,52.97,38.54,221.84,66.983,57.16
2018-07-03,14.04,2713.22,15.02,,51.64,38.38,218.82,66.043,57.34
2018-07-02,14.13,2726.71,14.87,,51.5,38.79,221.28,65.153,56.84
2018-06-29,13.77,2718.37,13.6,,51.73,38.95,217.94,63.472,56.56
2018-06-28,14.3,2716.31,12.95,,51.3,38.93,217.47,62.434,56.01
2018-06-27,13.98,2699.63,13.22,,50.76,38.39,212.74,62.039,55.17
2018-06-26,14.57,2723.06,13.32,,50.72,39.47,217.34,63.621,56.28
2018-06-25,13.9,2717.07,13.47,,50.03,39.18,217.49,63.027,58.3
2018-06-22,14.14,2754.88,13.26,,50.46,40.82,222.9,66.488,59.91
2018-06-21,14.15,2749.76,13.18,,50.21,40.82,221.91,65.747,59.57
2018-06-20,13.09,2767.32,13.13,,51.51,41.68,224.98,66.933,60.2
2018-06-19,12.16,2762.59,14.02,,52.25,41.89,225.38,66.24,59.43
2018-06-18,12.88,2773.75,13.73,,52.82,43.76,226.25,65.943,58.82
2018-06-15,12.19,2779.66,11.07,,52.56,43.59,227.9,65.747,58.22
2018-06-14,12.37,2782.49,11.65,,52.08,43.75,226.08,66.933,58.08
2018-06-13,12.12,2775.63,11.66,,51.28,41.25,222.58,67.328,57.7
2018-06-12,12.07,2786.85,11.35,,51.14,41.47,222.34,67.72399999999999,57.61
2018-06-11,12.5,2782.0,11.11,,51.22,39.64,221.07,68.267,57.57
2018-06-08,11.8,2779.03,10.31,,51.06,39.92,219.72,69.702,57.63
2018-06-07,11.92,2770.37,10.37,,51.03,39.5,218.04,69.207,57.07
2018-06-06,12.01,2772.35,10.69,,51.04,40.4,219.51,69.207,57.15
2018-06-05,12.96,2748.8,10.61,,50.25,38.87,217.45,69.207,57.29
2018-06-04,13.77,2746.87,10.79,,50.39,38.16,218.81,69.207,56.11
2018-06-01,15.14,2734.62,10.91,,50.44,36.09,215.36,69.553,55.57
2018-05-31,17.62,2705.27,10.72,,50.09,35.18,208.21,68.76100000000001,54.83
2018-05-30,17.73,2724.01,10.89,,50.52,35.8,209.08,69.848,56.16
2018-05-29,18.01,2689.86,10.3,,49.38,36.53,205.25,69.453,55.42
2018-05-25,18.21,2721.33,10.05,,49.04,36.87,203.7,69.848,54.25
2018-05-24,18.17,2727.76,9.77,,49.33,36.7,202.37,69.404,52.71
2018-05-23,17.99,2733.29,9.77,,50.54,36.72,204.16,69.207,52.96
2018-05-22,19.33,2724.44,9.74,,50.12,36.36,199.99,69.702,53.0
2018-05-21,19.76,2733.01,9.77,,50.4,36.28,201.19,71.036,53.97
2018-05-18,19.48,2712.97,10.0,,49.71,35.71,200.76,70.69,54.07
2018-05-17,19.92,2720.13,9.53,,49.33,35.96,195.59,69.453,56.29
2018-05-16,20.21,2722.46,9.51,,48.94,36.43,199.42,69.453,56.12
2018-05-15,19.61,2711.45,9.6,,48.55,36.12,208.92,68.218,55.39
2018-05-14,19.21,2730.13,9.42,,48.64,37.17,210.88,68.565,55.61
2018-05-11,18.74,2727.72,9.88,,49.25,36.95,211.38,69.898,55.26
2018-05-10,19.11,2723.07,9.12,,48.66,36.85,209.1,70.442,54.26
2018-05-09,18.41,2697.79,9.0,,48.45,37.14,206.62,70.146,53.8
2018-05-08,17.9,2671.92,7.75,,47.51,36.94,204.96,70.196,53.2
2018-05-07,18.19,2672.63,7.77,,47.03,38.72,207.53,68.415,52.44
2018-05-04,17.55,2663.42,7.17,,46.03,37.67,212.2,63.72,52.82
2018-05-03,17.86,2629.73,7.38,,44.94,37.2,195.78,62.78,52.28
2018-05-02,18.2,2635.67,7.14,,45.35,37.08,193.17,59.122,51.8
2018-05-01,17.73,2654.8,6.43,,44.97,37.47,195.06,60.06100000000001,51.66
2018-04-30,18.38,2648.05,6.42,,45.01,36.51,194.49,61.05,51.08
2018-04-27,18.73,2669.91,6.66,,45.03,36.76,197.19,62.385,51.63
2018-04-26,18.62,2666.94,6.74,,45.3,36.5,199.06,63.37300000000001,51.42
2018-04-25,18.49,2639.4,6.61,,45.84,35.88,194.61,62.286,51.34
2018-04-24,19.12,2634.56,6.52,,45.63,35.87,193.85,62.533,51.17
2018-04-23,18.88,2670.29,6.85,,46.59,37.0,197.63,64.016,51.94
2018-04-20,19.26,2670.14,6.97,,45.77,37.44,196.75,64.65899999999999,51.5
2018-04-19,19.12,2693.13,6.95,,47.19,38.9,197.82,65.598,51.86
2018-04-18,19.62,2708.64,7.01,,47.9,40.18,200.84,65.104,51.83
2018-04-17,19.02,2706.39,6.85,,47.84,40.27,199.62,64.85600000000001,51.3
2018-04-16,18.91,2677.84,6.84,,47.01,39.93,195.62,62.978,50.33
2018-04-13,19.27,2656.3,7.22,,45.97,39.8,191.78,63.027,50.39
2018-04-12,19.39,2663.99,7.25,,46.23,40.6,194.21,62.583,50.84
2018-04-11,19.59,2642.19,7.23,,45.79,40.46,192.41,62.089,50.42
2018-04-10,19.85,2656.87,6.76,,45.81,40.7,193.26,61.643,50.6
2018-04-09,19.74,2613.16,6.38,,44.91,40.07,187.13,60.951,49.89
2018-04-06,19.11,2604.47,6.37,,45.3,39.23,185.56,61.05,49.66
2018-04-05,20.04,2662.84,6.85,,46.21,40.19,190.88,63.422,50.75
2018-04-04,19.37,2644.69,7.11,,45.7,39.44,190.83,62.533,50.66
2018-04-03,18.84,2614.45,6.69,,45.27,38.98,188.71,62.13800000000001,50.32
2018-04-02,18.81,2581.88,6.86,,44.63,39.08,186.62,61.89100000000001,49.8
2018-03-29,18.25,2640.87,7.21,,45.91,40.49,191.39,62.88,50.93
2018-03-28,17.5,2605.0,6.72,,46.04,40.01,188.79,62.484,49.83
2018-03-27,18.18,2612.62,6.91,,45.07,40.71,190.9,62.18600000000001,49.99
2018-03-26,19.48,2658.55,6.94,,45.64,41.85,197.3,64.115,50.93
2018-03-23,18.46,2588.26,6.75,,44.47,40.87,190.31,62.089,49.73
2018-03-22,18.6,2643.69,6.91,,45.32,42.51,193.88,62.88,49.87
2018-03-21,20.21,2711.93,7.32,,46.79,43.51,200.23,64.759,51.25
2018-03-20,20.5,2716.94,7.19,,46.86,44.0,200.72,64.313,51.26
2018-03-19,20.24,2712.92,7.17,,46.63,44.15,199.06,62.88,50.45
2018-03-16,19.35,2752.01,7.53,,47.39,44.97,204.73,64.264,51.04
2018-03-15,18.53,2747.33,7.57,,46.32,44.94,203.37,64.905,50.3
2018-03-14,18.88,2749.48,7.37,,46.35,44.09,203.58,64.46,50.71
2018-03-13,18.79,2765.31,7.64,,46.51,44.32,204.53,64.559,50.78
2018-03-12,18.63,2783.02,7.54,,46.68,46.01,204.35,63.868,51.11
2018-03-09,18.35,2786.57,7.41,,47.61,45.71,203.17,63.472,50.11
2018-03-08,18.44,2738.97,7.34,,47.01,45.39,197.45,61.941,49.1
2018-03-07,18.01,2726.8,7.39,,45.45,44.41,194.42,61.989,49.53
2018-03-06,18.13,2728.12,7.46,,45.25,43.14,190.59,61.099,49.04
2018-03-05,18.26,2720.94,7.28,,44.5,42.99,191.14,61.346,47.5
2018-03-02,18.38,2691.25,6.66,,43.72,43.8,185.77,60.554,46.16
2018-03-01,18.01,2677.67,6.28,,43.34,46.21,182.51,60.309,45.95
2018-02-28,17.87,2713.83,6.48,,44.48,47.15,187.23,60.70399999999999,46.81
2018-02-27,17.57,2744.28,6.45,,46.11,47.04,187.98,60.911,47.67
2018-02-26,18.63,2779.6,6.56,,46.2,48.8,186.09,61.158,46.92
2018-02-23,17.83,2747.3,5.8,,45.39,48.35,187.61,60.665,46.77
2018-02-22,18.37,2703.96,5.54,,45.65,47.81,183.88,59.975,46.2
2018-02-21,18.52,2701.33,5.54,,45.09,47.16,183.94,60.122,46.11
2018-02-20,18.58,2716.26,5.65,,45.11,46.91,183.16,59.926,46.85
2018-02-16,18.97,2732.22,5.57,,45.69,46.42,182.48,60.27,46.46
2018-02-15,18.87,2731.2,5.83,,45.75,47.11,181.44,60.27,45.74
2018-02-14,18.16,2698.63,5.47,,46.58,46.86,178.26,58.742,44.9
2018-02-13,17.65,2662.94,5.16,,45.03,44.55,175.39,57.803,43.19
2018-02-12,17.59,2656.0,5.31,,47.99,43.72,175.08,57.31100000000001,42.83
2018-02-09,17.18,2619.55,5.59,,46.47,42.93,172.95,56.226000000000006,41.54
2018-02-08,17.26,2581.0,5.66,,46.53,42.25,169.28,53.316,40.75
2018-02-07,18.16,2681.66,5.86,,48.4,44.39,176.86,54.253,41.74
2018-02-06,20.35,2695.14,5.71,,48.63,45.05,180.05,55.288,41.76
2018-02-05,20.93,2648.94,5.45,,48.29,44.6,180.39,55.288,41.71
2018-02-02,21.47,2762.13,5.9,,49.24,46.03,186.36,57.36,43.44
2018-02-01,21.8,2821.98,6.15,,49.23,47.55,193.95,58.347,43.62
2018-01-31,22.22,2823.81,6.18,,48.93,49.23,187.04,57.261,44.07
2018-01-30,22.8,2822.43,6.14,,50.47,49.26,186.59,58.643,44.4
2018-01-29,23.19,2853.53,6.17,,51.42,49.94,186.78,59.53,44.79
2018-01-26,22.63,2872.87,6.12,,51.14,50.5,187.03,59.284,45.34
2018-01-25,22.42,2839.25,6.29,,50.61,47.38,185.73,58.93899999999999,44.98
2018-01-24,20.94,2837.54,6.11,,51.5,46.74,184.08,58.052,44.72
2018-01-23,21.52,2839.13,6.28,,51.63,45.18,182.16,58.003,44.99
2018-01-22,23.37,2832.97,6.39,,51.7,45.26,180.95,58.889,45.42
2018-01-19,24.17,2810.3,6.29,,51.64,46.02,180.63,59.827,45.67
2018-01-18,24.07,2798.03,5.72,,50.41,45.9,179.0,59.135,44.6
2018-01-17,24.25,2802.56,5.72,,50.55,46.61,179.36,59.926,44.33
2018-01-16,24.16,2776.42,5.6,,48.99,46.46,176.1,60.665,44.32
2018-01-12,24.59,2786.24,5.72,,49.27,46.4,173.24,61.109,44.85
2018-01-11,24.77,2767.56,5.04,,49.02,46.61,171.51,60.072,44.5
2018-01-10,24.09,2748.23,4.4,,47.39,46.45,166.14,58.988,43.52
2018-01-09,24.0,2751.29,4.62,,48.35,46.13,165.73,59.037,43.48
2018-01-08,24.13,2747.71,4.55,,49.53,46.1,165.08,58.93899999999999,43.55
2018-01-05,24.23,2743.15,4.87,,50.41,45.64,166.6,58.544,43.53
2018-01-04,24.19,2723.99,4.85,,50.07,43.67,163.96,58.24800000000001,43.74
2018-01-03,24.33,2713.06,4.64,,49.73,43.5,162.05,57.853,43.39
2018-01-02,25.06,2695.81,3.72,,48.03,43.28,157.81,58.347,43.595
2017-12-29,24.05,2673.61,3.68,,49.52,41.42,156.38,58.149,43.19
2017-12-28,24.73,2687.54,3.97,,49.81,41.63,158.79,58.199,43.2
2017-12-27,24.74,2682.62,3.84,,49.86,42.29,156.69,57.853,43.3
2017-12-26,24.04,2680.5,3.79,,50.15,42.14,157.07,58.149,43.34
2017-12-22,24.22,2683.34,3.7,,50.36,42.17,157.65,58.052,43.35
2017-12-21,23.78,2684.57,3.38,,50.13,42.26,157.28,58.93899999999999,43.41
2017-12-20,23.33,2679.25,3.43,,49.65,42.16,158.68,58.742,43.8
2017-12-19,23.88,2681.47,3.25,,49.41,42.97,157.39,58.889,44.04
2017-12-18,24.59,2690.16,3.23,,49.88,41.68,157.31,59.53,44.38
2017-12-15,24.37,2675.81,3.14,,48.94,40.32,156.6,58.544,44.11
2017-12-14,23.75,2652.01,3.15,,48.51,40.63,155.25,56.966,43.8
2017-12-13,24.4,2662.85,3.4,,49.72,40.8,158.2,57.803,43.91
2017-12-12,25.1,2664.11,3.55,,49.42,38.56,159.27,57.261,43.7
2017-12-11,25.6,2659.99,3.51,,49.28,38.46,159.7,57.065,43.89
2017-12-08,26.66,2651.5,3.45,,48.86,38.01,160.57,59.432,43.96
2017-12-07,24.48,2636.98,3.6,,48.67,38.13,159.78,59.185,43.88
2017-12-06,23.82,2629.27,3.46,,48.54,37.81,159.99,59.678,43.39
2017-12-05,23.48,2629.57,3.33,,48.5,37.3,159.792,59.926,43.52
2017-12-04,22.58,2639.44,3.33,,48.76,36.75,159.3,59.926,42.99
2017-12-01,24.42,2642.22,3.49,,48.73,37.27,155.0,60.911,43.01
2017-11-30,24.54,2647.58,3.57,,49.17,37.45,156.41,61.109,43.16
2017-11-29,24.18,2626.07,3.54,,48.31,37.83,154.0,62.096,42.13
2017-11-28,25.06,2627.04,3.89,,48.84,38.57,155.02,62.144,41.79
2017-11-27,25.17,2601.42,3.84,,48.21,38.66,155.43,60.565,41.77
2017-11-24,24.6,2602.42,3.7,,48.76,39.21,154.81,61.305,42.46
2017-11-22,25.91,2597.08,3.64,,48.68,39.79,154.06,61.158,41.01
2017-11-21,26.91,2599.03,3.63,,48.58,39.88,155.59,59.926,36.7
2017-11-20,27.94,2582.14,3.69,,48.76,39.2,155.4,52.773,36.31
2017-11-17,27.17,2578.85,3.7,,50.31,40.25,154.88,52.28100000000001,35.55
2017-11-16,27.5,2585.64,3.59,,50.19,40.22,154.08,52.28100000000001,35.94
2017-11-15,27.02,2564.62,3.59,,49.4,39.35,151.4,52.082,35.96
2017-11-14,28.1,2578.87,3.57,,49.54,38.9,149.54,52.33,35.88
2017-11-13,28.39,2584.84,3.61,,49.73,41.34,147.79,52.379,35.88
2017-11-10,28.41,2582.3,3.68,,49.84,39.96,147.68,52.28100000000001,35.85
2017-11-09,27.09,2584.62,3.64,,48.91,39.8,150.19,52.379,35.62
2017-11-08,26.92,2594.38,3.59,,49.3,40.33,150.07,52.773,35.9
2017-11-07,27.1,2590.64,3.57,,49.31,39.79,150.08,52.92100000000001,35.75
2017-11-06,26.9,2591.13,3.67,,50.6,39.01,151.49,53.415,36.22
2017-11-03,26.44,2587.84,3.71,,50.2,38.42,155.49,53.02,36.41
2017-11-02,27.2,2579.85,3.56,,51.3,37.88,151.83,54.845,36.5
2017-11-01,27.15,2579.36,3.51,,50.34,37.86,159.24,53.464,35.84
2017-10-31,26.63,2575.26,3.64,,52.09,37.52,166.17,53.81,36.29
2017-10-30,26.67,2572.83,3.65,,51.95,37.42,164.41,52.773,36.04
2017-10-27,25.82,2581.07,3.65,,51.98,37.36,168.37,53.464,35.88
2017-10-26,25.07,2560.4,3.39,,52.0,36.81,164.25,54.106,35.91
2017-10-25,24.82,2557.15,3.74,,51.69,37.4,162.04,56.078,35.75
2017-10-24,25.46,2569.13,3.82,,51.63,38.52,162.7,55.338,36.16
2017-10-23,24.92,2564.98,3.89,,50.86,38.43,164.43,54.451,36.15
2017-10-20,24.31,2575.21,3.87,,50.61,39.0,164.71,52.33,36.48
2017-10-19,23.75,2562.1,4.0,,49.35,39.38,161.58,51.985,36.41
2017-10-18,23.83,2561.26,3.9,,50.0,40.32,163.05,51.59,36.43
2017-10-17,23.68,2559.36,3.92,,50.49,39.59,160.0,51.195,36.39
2017-10-16,23.45,2557.64,3.89,,50.89,39.67,158.55,51.738,36.27
2017-10-13,23.52,2553.17,4.0,,50.58,38.72,159.6,51.738,36.32
2017-10-12,23.52,2550.93,4.06,,49.88,38.51,161.76,51.886,36.11
2017-10-11,22.6,2555.24,4.1,,49.09,39.62,158.08,51.639,35.84
2017-10-10,22.97,2550.64,3.99,,48.92,40.17,157.33,52.676,35.56
2017-10-09,23.74,2544.73,4.36,,48.73,38.91,158.29,52.379,35.39
2017-10-06,24.26,2549.33,4.245,,49.03,39.24,158.97,52.132,35.24
2017-10-05,24.75,2552.07,4.38,,48.73,39.14,158.11,52.33,35.18
2017-10-04,25.23,2537.74,4.4,,48.74,38.33,157.41,52.034,34.78
2017-10-03,25.21,2534.58,4.5,,48.68,39.21,154.4,51.639,34.65
2017-10-02,24.76,2529.12,4.45,,48.62,39.11,157.17,51.293,34.55
2017-09-29,24.95,2519.36,4.33,,45.93,38.2,155.44,50.306,34.37
2017-09-28,25.04,2510.06,4.22,,45.62,38.63,154.37,50.111,34.28
2017-09-27,26.12,2507.04,3.95,,45.5,39.71,156.48,51.245,34.61
2017-09-26,25.56,2496.84,3.66,,45.11,40.32,153.24,50.25899999999999,34.24
2017-09-25,25.17,2496.66,3.74,,45.42,40.93,154.52,50.899,34.03
2017-09-22,26.03,2502.22,3.55,,45.38,42.37,157.5,50.899,33.74
2017-09-21,26.01,2500.6,3.51,,45.0,42.98,155.76,46.165,33.8
2017-09-20,26.29,2508.24,3.52,,45.93,44.44,158.48,45.572,33.86
2017-09-19,27.71,2506.65,3.22,,46.15,44.33,160.53,45.425,32.54
2017-09-18,27.64,2503.87,3.31,,46.06,44.74,162.1,45.128,32.86
2017-09-15,28.71,2500.23,3.3,,45.28,44.91,158.97,43.747,32.52
2017-09-14,29.89,2495.62,2.79,,43.16,45.25,158.8,43.6,32.46
2017-09-13,28.99,2498.37,3.53,,42.97,45.27,159.0,43.94600000000001,32.8
2017-09-12,28.31,2496.48,3.44,,43.42,43.29,158.98,43.353,32.37
2017-09-11,28.7,2488.11,3.43,,41.91,42.04,160.23,43.007,32.6
2017-09-08,28.29,2461.43,3.1,,41.8,41.14,157.49,43.007,32.35
2017-09-07,28.82,2465.1,3.31,,42.85,41.83,157.95,42.812,32.13
2017-09-06,27.15,2465.54,3.01,,43.59,41.64,156.87,42.368,32.4
2017-09-05,26.95,2457.85,2.97,,42.05,41.4,155.81,42.563,32.49
2017-09-01,28.52,2476.55,2.86,,40.66,41.99,154.98,42.712,32.64
2017-08-31,27.83,2471.65,2.8,,40.38,41.91,155.43,42.368,32.69
2017-08-30,26.45,2457.59,2.74,,39.45,41.94,152.71,42.218,31.88
2017-08-29,25.59,2446.3,2.64,,37.8,40.84,150.32,41.142,31.45
2017-08-28,24.79,2444.24,2.74,,38.06,40.35,150.44,41.192,31.39
2017-08-25,24.7,2443.05,2.58,,38.59,40.87,151.08,41.537,31.71
2017-08-24,24.55,2438.97,2.81,,37.7,42.07,152.57,40.948,31.78
2017-08-23,23.7,2444.04,2.22,,36.19,42.44,153.61,41.142,31.79
2017-08-22,23.58,2452.51,2.12,,37.24,42.15,152.82,41.783,32.13
2017-08-21,23.7,2428.37,2.03,,36.68,41.26,150.41,41.242,31.9
2017-08-18,26.33,2425.55,2.12,,36.41,40.13,150.44,41.63399999999999,31.88
2017-08-17,26.06,2430.01,2.01,,36.35,40.8,151.9,41.98,32.01
2017-08-16,27.45,2468.11,1.92,,37.24,43.65,155.21,42.324,32.23
2017-08-15,28.24,2464.61,1.94,,37.13,44.05,154.67,42.667,32.075
2017-08-14,28.11,2465.84,1.94,,37.66,44.25,155.32,43.11,31.81
2017-08-11,27.49,2441.32,1.84,,37.39,45.9,153.02,41.489,31.07
2017-08-10,26.89,2438.21,1.75,,37.35,46.09,151.06,41.63399999999999,31.17
2017-08-09,28.52,2474.02,1.84,,38.31,47.84,154.51,39.522,31.45
2017-08-08,28.49,2474.92,1.92,,38.64,48.15,154.77,40.111,30.7
2017-08-07,29.02,2480.91,2.04,,38.35,47.56,155.49,43.159,31.08
2017-08-04,27.9,2476.83,1.84,,38.22,46.4,152.6,41.931,31.3
2017-08-03,27.17,2472.16,1.7,,37.76,45.3,154.09,46.059,31.005
2017-08-02,26.46,2477.57,1.69,,37.35,45.24,151.21,45.323,31.235
2017-08-01,27.52,2476.35,1.72,,36.85,45.55,154.68,46.551,31.65
2017-07-31,27.62,2470.3,1.76,,35.97,45.17,166.46,46.846,31.49
2017-07-28,28.02,2472.1,1.79,,36.06,45.22,167.52,46.551,31.94
2017-07-27,26.76,2475.42,1.85,,36.19,45.16,164.4,46.551,31.88
2017-07-26,26.37,2477.83,1.88,,36.17,45.87,166.83,46.797,31.72
2017-07-25,25.76,2477.13,1.605,,36.54,44.46,166.55,46.749,31.89
2017-07-24,28.0,2469.91,1.58,,36.49,43.54,170.18,46.749,31.81
2017-07-21,27.36,2472.54,1.51,,36.37,43.08,166.62,46.797,31.55
2017-07-20,27.83,2473.45,1.5,,36.81,42.92,167.31,46.944,31.51
2017-07-19,28.1,2473.83,1.52,,36.65,43.22,167.78,47.288,31.41
2017-07-18,25.52,2460.61,1.53,,36.2,42.99,165.53,46.208,31.11
2017-07-17,23.7,2459.14,1.55,,36.2,41.63,166.03,46.699,31.12
2017-07-14,23.11,2459.27,1.52,,36.03,42.01,166.5,46.551,31.09
2017-07-13,21.82,2447.83,1.56,,35.92,41.43,163.59,46.649,31.19
2017-07-12,21.69,2443.25,1.56,,35.95,41.44,164.63,47.092,31.2
2017-07-11,20.9,2425.53,1.54,,35.91,40.81,161.72,47.042,31.09
2017-07-10,20.62,2427.43,1.55,,36.15,40.43,161.51,46.699,30.83
2017-07-07,20.18,2425.18,1.62,,36.14,39.22,161.43,46.306,30.97
2017-07-06,19.82,2409.75,1.615,,36.03,39.11,159.26,45.224,30.43
2017-07-05,20.35,2432.54,1.67,,36.75,39.76,161.39,46.158,31.63
2017-07-03,21.22,2429.01,1.65,,36.59,38.86,159.32,45.667,31.81
2017-06-30,20.8,2423.41,1.61,,36.13,39.22,161.42,45.517,31.79
2017-06-29,20.6,2419.7,1.58,,36.15,39.5,160.54,44.732,31.41
2017-06-28,20.63,2440.69,1.63,,35.75,41.28,164.65,45.224,31.51
2017-06-27,20.22,2419.38,1.59,,35.43,40.69,162.45,44.438,31.28
2017-06-26,20.25,2439.07,1.59,,35.59,43.08,165.97,45.027,31.45
2017-06-23,20.77,2438.3,1.55,,35.9,42.95,167.35,45.124,31.54
2017-06-22,20.26,2434.5,1.73,,35.53,41.33,166.52,44.88,31.27
2017-06-21,19.4,2435.61,1.76,,35.37,41.09,166.61,44.289,30.99
2017-06-20,18.91,2437.03,1.63,,35.65,38.9,166.02,44.58600000000001,31.18
2017-06-19,18.73,2453.46,1.65,,36.09,39.74,164.38,45.567,31.58
2017-06-16,18.33,2433.15,1.59,,35.6,38.17,160.71,45.863,31.24
2017-06-15,17.78,2432.46,1.68,,36.0,38.12,160.57,46.158,31.45
2017-06-14,18.27,2437.92,1.61,,35.99,38.4,160.63,46.158,31.5
2017-06-13,18.54,2440.35,1.57,,36.06,39.27,161.3,46.158,31.57
2017-06-12,18.2,2429.39,1.58,,36.03,39.22,158.22,46.355,31.44
2017-06-09,17.37,2431.77,1.62,,36.28,39.0,164.56,46.257,31.35
2017-06-08,18.19,2433.79,1.61,,35.35,41.92,171.34,46.158,31.07
2017-06-07,18.01,2433.14,1.65,,35.33,41.18,171.94,45.124,31.16
2017-06-06,17.6,2429.33,1.65,,35.4,40.18,170.88,45.42,30.98
2017-06-05,17.21,2436.1,1.56,,35.63,40.32,169.99,45.667,31.29
2017-06-02,18.78,2439.07,1.61,,35.95,40.23,169.86,46.797,31.72
2017-06-01,18.34,2430.06,1.53,,35.92,40.29,168.25,45.81399999999999,31.79
2017-05-31,17.86,2411.8,1.44,,34.65,40.03,168.39,45.567,31.19
2017-05-30,18.84,2412.91,1.5,,34.52,40.79,167.93,45.567,30.89
2017-05-26,19.03,2415.82,1.54,,34.83,40.99,167.56,45.912,31.05
2017-05-25,21.46,2415.07,1.57,,34.75,41.02,167.4,45.96,31.41
2017-05-24,19.3,2404.39,1.6,,34.93,40.44,164.6,45.667,29.98
2017-05-23,19.41,2398.42,1.64,,35.18,40.72,164.2,45.323,30.02
2017-05-22,19.0,2394.02,1.64,,35.09,41.66,162.97,45.323,29.7
2017-05-19,18.39,2381.73,1.64,,35.22,41.06,161.63,44.191,29.31
2017-05-18,17.25,2365.72,1.63,,34.91,40.16,161.59,44.044,29.34
2017-05-17,16.98,2357.03,1.66,,35.05,40.04,161.04,43.503,29.18
2017-05-16,17.37,2400.67,1.74,,35.64,40.77,164.72,44.88,29.97
2017-05-15,17.45,2402.32,1.74,,35.75,40.23,164.48,44.979,29.98
2017-05-12,17.29,2390.9,1.7,,35.14,40.56,163.22,43.74800000000001,29.89
2017-05-11,17.39,2394.44,1.76,,36.02,39.76,163.17,44.682,29.92
2017-05-10,17.62,2399.63,1.7,,35.94,39.32,163.01,46.059,30.17
2017-05-09,17.42,2396.92,1.69,,36.03,38.52,162.06,46.00899999999999,30.41
2017-05-08,16.82,2399.38,1.66,,36.02,38.55,161.66,51.565,30.5
2017-05-05,16.92,2399.29,1.75,,36.08,35.78,162.47,51.122,30.65
2017-05-04,16.37,2389.52,1.77,,35.68,35.4,160.46,50.87600000000001,30.52
2017-05-03,17.34,2388.13,1.56,,35.3,35.15,160.28,50.682,30.27
2017-05-02,17.23,2391.17,1.56,,35.8,35.45,163.73,51.565,30.65
2017-05-01,17.1,2388.33,1.58,,35.54,35.34,163.73,51.663,30.64
2017-04-28,17.34,2384.2,,,35.17,35.07,167.73,51.024,30.9
2017-04-27,17.8,2388.77,1.56,,36.23,35.3,162.76,52.253,31.18
2017-04-26,17.26,2387.45,1.53,,37.29,34.94,162.82,51.761,30.99
2017-04-25,17.03,2388.61,1.52,,37.13,34.96,162.43,51.51600000000001,30.86
2017-04-24,17.21,2374.15,1.48,,36.72,34.57,161.87,51.024,30.68
2017-04-21,16.65,2348.69,1.52,,35.99,34.35,159.12,49.892,30.24
2017-04-20,16.64,2355.84,1.51,,35.97,33.97,159.52,49.598,30.23
2017-04-19,16.95,2338.17,1.51,,35.5,33.36,157.08,49.353,29.98
2017-04-18,17.53,2342.19,1.51,,35.69,32.84,155.68,49.058,29.82
2017-04-17,17.26,2349.01,1.57,,35.75,32.72,155.28,48.862,29.92
2017-04-13,17.25,2328.95,1.58,,35.05,32.47,153.6,47.977,29.65
2017-04-12,17.03,2344.93,1.65,,35.6,32.71,154.2,48.12300000000001,29.83
2017-04-11,17.25,2353.78,1.66,,36.61,32.3,154.69,49.5,30.12
2017-04-10,17.16,2357.16,1.62,,36.19,32.67,154.58,49.008,30.055
2017-04-07,16.69,2355.54,1.66,,35.89,32.01,155.48,48.469,29.84
2017-04-06,16.77,2357.49,1.69,,35.77,32.23,154.56,48.12300000000001,30.005
2017-04-05,16.52,2352.95,1.66,,34.79,31.53,154.72,48.271,29.835
2017-04-04,16.66,2360.16,1.7,,36.92,31.44,155.12,49.008,29.98
2017-04-03,16.73,2358.84,1.82,,37.03,31.92,155.28,50.041,30.4
2017-03-31,16.57,2362.72,1.85,,37.28,31.12,154.61,51.909,30.965
2017-03-30,16.26,2368.06,1.88,,37.51,31.56,154.52,51.417,31.04
2017-03-29,16.27,2361.13,1.93,,37.4,31.58,154.72,51.122,31.15
2017-03-28,16.71,2358.57,1.82,,37.51,31.46,153.81,51.417,31.2
2017-03-27,16.61,2341.59,1.89,,37.49,31.38,153.96,51.27,31.04
2017-03-24,16.19,2343.98,1.87,,37.31,31.26,153.74,51.761,30.66
2017-03-23,15.89,2345.96,1.85,,37.32,31.29,152.89,53.187,30.705
2017-03-22,15.79,2348.45,1.8,,37.01,30.58,152.88,52.105,30.605
2017-03-21,15.89,2344.02,1.83,,36.79,30.32,150.11,52.941,30.38
2017-03-20,16.57,2373.47,1.97,,38.07,31.72,151.54,54.219,30.9
2017-03-17,16.92,2378.25,2.05,,38.46,31.56,151.95,54.317,30.745
2017-03-16,17.46,2381.38,2.08,,38.52,31.54,151.62,52.253,30.635
2017-03-15,17.08,2385.26,2.14,,38.74,31.38,153.68,51.27,30.54
2017-03-14,16.02,2365.45,2.08,,37.99,31.37,151.21,50.041,30.205
2017-03-13,15.81,2373.47,2.12,,39.17,31.69,151.6,50.38399999999999,30.295
2017-03-10,15.49,2372.6,2.12,,38.66,31.06,150.28,49.844,30.28
2017-03-09,15.08,2364.87,2.12,,38.38,31.2,149.41,49.451,30.225
2017-03-08,15.3,2362.98,2.13,,38.66,31.34,146.88,50.239,30.285
2017-03-07,15.55,2368.39,2.1,,39.18,30.75,147.03,50.483,30.315
2017-03-06,15.63,2375.31,2.18,,39.55,30.41,147.08,50.926,30.32
2017-03-03,16.34,2383.12,2.22,,39.47,30.93,147.13,51.614,30.24
2017-03-02,16.82,2381.92,2.25,,39.67,30.93,146.1,52.49800000000001,30.06
2017-03-01,16.74,2395.96,2.33,,39.83,30.67,147.01,52.892,30.005
2017-02-28,16.88,2363.64,2.26,,39.04,30.57,144.94,51.53100000000001,29.57
2017-02-27,17.95,2369.75,2.36,,39.87,30.8,143.61,52.414,29.76
2017-02-24,17.15,2367.34,2.15,,39.3,30.27,143.06,51.87300000000001,29.495
2017-02-23,17.47,2363.81,2.12,,40.07,30.61,143.02,50.893,29.72
2017-02-22,16.98,2362.82,2.14,,40.74,30.47,142.25,52.07,29.225
2017-02-21,17.53,2365.38,2.15,,40.34,30.23,142.4,51.87300000000001,30.15
2017-02-17,16.77,2351.16,2.17,,40.45,29.85,142.23,51.482,29.505
2017-02-16,16.14,2347.22,2.19,,40.16,30.23,141.95,51.04,29.915
2017-02-15,16.41,2349.25,2.12,,40.5,30.14,141.74,50.99100000000001,29.64
2017-02-14,16.03,2337.58,2.01,,39.8,29.43,141.6,50.551,29.29
2017-02-13,15.6,2328.25,1.93,,42.64,29.52,141.7,50.6,29.35
2017-02-10,15.02,2316.1,1.97,,42.21,29.38,141.83,50.50100000000001,29.085
2017-02-09,14.46,2307.87,2.05,,41.79,29.01,142.12,45.99,28.91
2017-02-08,14.5,2294.67,2.02,,40.79,28.97,141.16,45.598,28.595
2017-02-07,14.33,2293.08,1.96,,41.29,28.81,143.13,46.677,28.415
2017-02-06,14.48,2292.56,1.88,,40.55,28.54,142.01,46.727,28.26
2017-02-03,14.47,2297.42,1.9,,40.6,28.32,142.02,47.264,28.265
2017-02-02,14.32,2280.85,1.82,,40.22,28.17,139.07,45.548,27.83
2017-02-01,14.5,2279.55,1.74,,40.25,28.13,122.8,46.382,27.98
2017-01-31,14.32,2278.87,1.94,,40.26,28.4,122.33,46.627,28.37
2017-01-30,14.08,2280.9,1.75,,39.88,28.56,120.5,46.429,28.465
2017-01-27,14.85,2294.69,1.79,,40.31,28.36,121.66,47.657,28.51
2017-01-26,14.56,2296.68,1.76,,40.69,28.32,119.61,48.147,28.535
2017-01-25,14.89,2298.37,1.83,,40.45,28.59,121.4,48.735,28.805
2017-01-24,14.72,2280.07,1.75,,40.05,28.54,118.51,48.54,28.69
2017-01-23,15.29,2265.2,1.735,,38.69,28.18,117.74,46.97,28.19
2017-01-20,15.75,2271.31,1.82,,38.6,27.6,118.88,47.364,28.475
2017-01-19,15.88,2263.69,1.84,,38.36,27.75,120.28,46.92100000000001,28.26
2017-01-18,15.82,2271.89,1.96,,37.86,27.16,118.9,46.382,28.33
2017-01-17,16.45,2267.89,1.95,,37.75,27.21,120.01,46.038,28.275
2017-01-13,15.71,2274.64,2.06,,37.99,26.84,120.8,47.215,28.7
2017-01-12,15.59,2270.44,2.17,,40.91,26.61,120.64,46.92100000000001,28.42
2017-01-11,15.86,2275.32,2.23,,40.62,26.77,121.12,47.558,28.655
2017-01-10,15.65,2268.9,2.02,,40.78,26.87,120.71,46.627,28.355
2017-01-09,15.55,2268.9,1.89,,40.29,26.26,119.02,45.844,28.265
2017-01-06,15.72,2276.98,1.96,,40.71,26.27,118.36,45.94,28.34
2017-01-05,15.85,2269.0,1.6,,41.12,26.3,115.96,46.87300000000001,28.2
2017-01-04,15.91,2270.75,1.69,,42.0,25.85,115.95,49.275,28.23
2017-01-03,15.63,2257.83,1.68,,41.94,25.82,117.6,47.853,27.86
2016-12-30,15.23,2238.83,1.55,,40.74,25.44,117.27,47.02,27.705
2016-12-29,15.26,2249.26,1.65,,41.12,25.64,118.08,46.823,27.76
2016-12-28,15.54,2249.92,1.55,,41.21,25.74,117.75,47.462,27.775
2016-12-27,15.95,2268.88,1.53,,42.13,25.93,119.67,48.246,28.005
2016-12-23,15.46,2263.79,1.59,,42.09,25.49,119.88,47.756,27.775
2016-12-22,15.71,2260.96,1.37,,42.08,25.62,119.09,47.853,27.685
2016-12-21,15.51,2265.18,1.27,,42.3,25.88,119.55,47.167,28.13
2016-12-20,15.74,2270.76,1.24,,42.49,25.52,118.4,47.364,28.275
2016-12-19,15.75,2262.53,1.25,,41.39,25.38,119.03,47.805,27.95
2016-12-16,15.79,2258.07,1.255,,41.48,25.61,119.43,48.588,27.925
2016-12-15,15.69,2262.03,1.27,,41.59,25.77,119.91,48.735,28.065
2016-12-14,15.71,2253.28,1.27,,40.84,26.95,119.77,48.785,28.01
2016-12-13,16.0,2271.72,1.27,,41.56,26.66,120.83,48.735,28.085
2016-12-12,16.05,2256.96,1.28,,42.61,26.16,120.29,48.735,27.885
2016-12-09,15.92,2259.53,1.35,,42.95,26.83,118.24,49.423,27.675
2016-12-08,15.69,2246.19,1.37,,42.97,26.96,118.79,48.981,27.862
2016-12-07,15.93,2241.35,1.37,,43.49,26.98,118.02,48.685,27.965
2016-12-06,14.98,2212.23,1.38,,42.4,25.83,115.72,47.756,27.41
2016-12-05,15.13,2204.71,1.42,,41.6,25.95,114.1,45.795,27.29
2016-12-02,14.28,2191.95,1.44,,41.16,25.88,114.58,44.96100000000001,27.195
2016-12-01,14.13,2191.08,1.32,,41.13,26.3,114.18,45.206,27.345
2016-11-30,14.14,2198.81,1.44,,40.98,26.87,117.65,45.403,27.36
2016-11-29,13.68,2204.66,4.39,,40.79,26.85,120.34,45.354,27.27
2016-11-28,13.92,2201.72,4.46,,41.57,25.83,119.48,45.15600000000001,27.16
2016-11-25,14.1,2213.35,4.67,,42.0,25.54,120.27,46.087,27.315
2016-11-23,13.43,2204.72,4.49,,42.09,25.74,120.16,45.647,27.255
2016-11-22,13.07,2202.94,4.44,,41.49,25.81,119.88,45.94,26.865
2016-11-21,12.87,2198.18,4.35,,41.06,26.0,118.54,43.342,28.12
2016-11-18,13.34,2181.9,4.42,,41.34,26.45,116.13,48.294,28.03
2016-11-17,14.1,2187.12,4.51,,41.41,26.75,115.22,47.853,28.32
2016-11-16,14.63,2176.94,4.44,,40.98,26.51,112.75,48.05,27.9
2016-11-15,13.75,2180.39,4.73,,41.09,26.41,113.09,48.588,27.585
2016-11-14,13.15,2164.2,4.42,,40.87,23.71,109.3,48.19600000000001,27.59
2016-11-11,13.27,2164.45,4.18,,40.01,24.04,109.17,47.069,27.035
2016-11-10,13.71,2167.48,4.3,,40.29,24.39,108.76,46.038,26.63
2016-11-09,14.1,2163.26,4.2,,39.98,25.13,109.11,45.206,26.67
2016-11-08,15.4,2139.56,6.11,,37.9,25.44,109.45,42.363,26.245
2016-11-07,14.99,2131.52,5.87,,38.4,25.46,108.53,42.363,25.935
2016-11-04,14.68,2085.18,5.68,,37.19,24.65,106.21,41.184,25.395
2016-11-03,14.67,2088.66,5.585,,36.83,24.67,105.07,39.959,26.025
2016-11-02,15.23,2097.94,5.84,,36.71,24.74,105.44,40.694,25.905
2016-11-01,15.52,2111.72,6.02,,36.87,25.31,103.98,41.528,25.965
2016-10-31,15.41,2126.15,5.8,,38.09,25.95,107.14,41.872,26.235
2016-10-28,15.78,2126.41,5.865,,38.34,25.9,105.03,41.332,26.27
2016-10-27,16.22,2133.04,6.04,,38.3,25.88,104.91,41.08600000000001,25.875
2016-10-26,16.61,2139.43,6.15,,37.85,26.48,106.67,40.842,26.245
2016-10-25,16.6,2143.16,6.33,,36.43,26.42,110.98,40.743,26.485
2016-10-24,16.89,2151.33,6.56,,37.1,26.5,113.38,40.597,26.725
2016-10-21,17.02,2141.16,6.7,,36.7,26.87,110.48,39.959,26.75
2016-10-20,17.16,2141.34,6.83,,36.69,26.65,112.06,39.909,27.02
2016-10-19,17.0,2144.29,6.66,,36.74,26.3,112.78,39.959,27.23
2016-10-18,16.48,2139.6,6.65,,36.62,26.26,112.57,39.909,27.06
2016-10-17,16.26,2126.5,6.59,,36.21,26.31,111.27,39.714,26.975
2016-10-14,16.4,2132.98,6.64,,35.82,26.5,111.1,39.686,26.99
2016-10-13,16.44,2132.55,6.95,,35.74,26.27,110.73,39.254,26.94
2016-10-12,16.55,2139.18,6.82,,35.86,26.59,111.7,44.148,27.065
2016-10-11,16.55,2136.73,6.95,,35.78,26.75,112.84,43.773,26.825
2016-10-10,16.79,2163.66,7.24,,36.02,27.3,117.04,45.344,27.1
2016-10-07,16.09,2153.74,7.04,,36.21,27.03,115.32,44.735,26.735
2016-10-06,16.89,2160.77,7.03,,38.17,27.4,113.11,45.518,26.845
2016-10-05,16.72,2159.73,7.52,,37.42,27.93,112.92,46.018,26.745
2016-10-04,15.33,2150.49,7.29,,38.71,27.49,112.93,45.44,26.71
2016-10-03,15.93,2161.2,7.18,,36.62,26.11,113.12,45.97,26.93
2016-09-30,15.8,2168.27,7.35,,36.3,26.09,112.73,45.902,26.78
2016-09-29,16.5,2151.13,7.3,,35.49,25.98,111.88,45.324,26.51
2016-09-28,15.77,2171.37,7.04,,35.75,26.29,113.39,46.058,26.96
2016-09-27,15.49,2159.93,7.13,,34.69,26.68,113.27,45.893,27.025
2016-09-26,15.03,2146.1,7.04,,34.29,26.54,110.96,45.315,26.825
2016-09-23,15.18,2164.69,7.22,,34.59,26.83,111.36,46.048,27.025
2016-09-22,15.17,2177.18,7.27,,34.96,26.3,113.09,46.637,26.435
2016-09-21,14.55,2163.12,7.22,,34.59,25.88,112.07,46.058,26.75
2016-09-20,14.82,2139.76,7.36,,34.04,25.85,111.83,45.49800000000001,25.705
2016-09-19,15.34,2139.12,7.08,,34.36,26.05,110.64,45.588,25.37
2016-09-16,15.75,2139.16,7.08,,34.64,26.23,109.54,45.411,25.03
2016-09-15,15.94,2147.26,7.14,,34.97,26.13,109.56,45.528,25.155
2016-09-14,15.56,2125.77,7.06,,33.99,26.005,108.57,45.12600000000001,24.865
2016-09-13,16.69,2127.02,6.95,,34.14,26.53,108.17,45.411,24.875
2016-09-12,17.62,2159.04,7.22,,34.93,26.5,111.65,46.107,25.225
2016-09-09,17.93,2127.81,7.17,,34.23,26.37,109.97,45.805,25.005
2016-09-08,18.24,2181.3,7.65,,35.72,26.86,114.2,47.423,25.305
2016-09-07,18.38,2186.16,7.34,,36.42,26.54,114.76,47.18600000000001,25.575
2016-09-06,18.53,2186.48,7.16,,36.98,26.54,113.94,46.57899999999999,25.665
2016-09-02,18.44,2179.98,7.15,,37.81,25.55,114.09,47.07899999999999,25.84
2016-09-01,18.52,2170.86,7.06,,38.0,25.71,113.16,45.902,25.615
2016-08-31,18.46,2170.95,6.93,,37.3,25.41,112.68,45.912,25.51
2016-08-30,18.78,2176.12,7.09,,37.1,25.59,113.06,46.529,25.57
2016-08-29,18.92,2180.38,6.89,,37.15,25.61,112.09,46.43899999999999,25.845
2016-08-26,19.0,2169.04,6.95,,37.15,25.79,110.15,45.81,25.795
2016-08-25,18.82,2172.47,6.88,,37.62,25.42,109.91,45.77,26.095
2016-08-24,20.17,2175.44,6.9,,37.76,25.56,109.76,45.76,26.35
2016-08-23,20.81,2186.9,8.08,,37.13,25.94,110.68,46.23,26.475
2016-08-22,20.01,2182.64,7.75,,36.75,25.77,110.46,45.849,26.4
2016-08-19,19.64,2183.87,7.5,,36.89,25.91,111.17,45.494,26.085
2016-08-18,19.81,2187.02,7.07,,36.76,25.39,110.85,46.572,26.035
2016-08-17,18.82,2182.22,6.34,,36.67,25.39,110.81,45.692,25.595
2016-08-16,19.48,2178.15,6.17,,36.89,25.02,110.94,45.475,25.37
2016-08-15,19.43,2190.15,6.12,,37.15,25.32,111.92,46.012,25.42
2016-08-12,18.48,2184.05,5.96,,35.74,24.66,110.78,44.89,25.31
2016-08-11,18.32,2185.79,5.74,,36.1,23.29,110.96,44.615,25.34
2016-08-10,18.3,2175.49,5.83,,35.84,23.41,109.89,43.933,25.465
2016-08-09,18.84,2181.74,6.39,,36.02,22.37,110.98,43.57100000000001,25.21
2016-08-08,18.92,2180.89,5.9,,35.86,22.35,108.63,43.344,25.2
2016-08-05,19.16,2182.87,5.99,,36.0,21.85,109.05,43.051,25.5
2016-08-04,19.06,2164.25,5.9,,35.14,21.37,107.98,43.07,25.115
2016-08-03,19.03,2163.79,5.89,,33.88,21.73,107.97,41.682,25.0
2016-08-02,18.93,2157.03,5.74,,33.13,21.8,105.88,40.76300000000001,25.42
2016-08-01,19.05,2170.84,5.86,,35.7,21.84,93.51,41.78100000000001,25.655
2016-07-29,18.28,2173.6,5.96,,37.79,21.65,93.79,39.931,25.22
2016-07-28,18.37,2170.06,5.98,,37.56,22.14,93.21,39.854,25.215
2016-07-27,18.73,2166.58,6.01,,37.53,22.36,92.77,40.822,25.655
2016-07-26,18.95,2169.18,5.75,,37.16,22.48,93.7,40.353,25.3
2016-07-25,18.57,2168.48,5.65,,37.69,21.85,93.07,39.393,25.415
2016-07-22,18.72,2175.03,5.65,,37.95,21.92,94.44,39.18,25.182
2016-07-21,18.82,2165.17,5.58,,37.73,21.99,94.26,39.042,24.875
2016-07-20,18.86,2173.02,5.73,,37.87,22.66,95.25,39.307,24.88
2016-07-19,18.14,2163.78,5.6,,37.14,22.42,94.06,39.473,24.73
2016-07-18,18.73,2166.89,5.89,,37.24,22.14,93.76,39.609,24.78
2016-07-15,18.4,2161.74,5.81,,37.21,21.41,93.51,39.699,24.95
2016-07-14,19.05,2163.75,5.54,,36.9,21.68,93.24,39.629,24.955
2016-07-13,19.53,2152.43,5.6,,36.77,21.68,93.65,39.44300000000001,24.78
2016-07-12,19.8,2152.14,5.85,,37.57,22.21,94.22,39.824,25.005
2016-07-11,19.71,2137.16,5.77,,37.57,21.765,94.6,39.307,25.005
2016-07-08,19.48,2129.9,5.73,,36.83,20.72,94.96,39.062,24.925
2016-07-07,19.73,2097.9,5.56,,35.39,20.57,93.86,38.407,24.465
2016-07-06,20.0,2099.73,5.48,,34.77,20.38,93.58,38.083,24.66
2016-07-05,20.42,2088.55,5.37,,34.47,20.86,93.38,38.026,24.7
2016-07-01,20.65,2102.95,5.5,,35.43,21.31,93.07,39.24800000000001,24.67
2016-06-30,20.38,2098.86,5.32,,34.96,21.23,92.86,39.268,24.505
2016-06-29,20.18,2070.77,5.41,,34.25,20.39,91.11,38.73,24.045
2016-06-28,19.67,2036.09,5.31,,33.93,20.32,88.53,37.34,23.365
2016-06-27,19.11,2000.54,5.14,,33.86,20.24,86.62,37.45,23.23
2016-06-24,20.03,2037.41,5.47,,34.62,20.64,87.76,40.782,23.805
2016-06-23,20.87,2113.32,5.88,,36.31,21.46,91.67,41.917,24.715
2016-06-22,20.49,2085.45,5.68,,35.7,21.2,90.04,41.183,24.415
2016-06-21,20.67,2088.9,5.65,,36.5,21.12,89.66,40.95,24.49
2016-06-20,20.83,2083.25,5.87,,38.02,21.06,89.12,40.782,24.57
2016-06-17,20.56,2071.22,5.74,,37.04,20.13,87.66,40.49,24.295
2016-06-16,20.54,2077.99,5.93,,36.99,20.43,89.01,41.163,24.425
2016-06-15,20.05,2071.5,5.81,,37.59,20.17,88.99,40.694,24.425
2016-06-14,20.28,2075.32,5.71,,37.7,20.89,89.57,40.48,24.365
2016-06-13,20.4,2079.06,5.87,,37.59,20.99,88.92,40.703,24.44
2016-06-10,20.0,2096.07,5.85,,37.81,21.05,88.88,40.901,24.512
2016-06-09,21.3,2115.48,5.99,,38.52,21.71,90.25,41.526,24.995
2016-06-08,21.81,2119.12,6.08,,38.99,21.24,88.88,41.771,24.85
2016-06-07,21.6,2112.13,6.15,,38.46,22.01,88.81,40.872,24.67
2016-06-06,21.42,2109.41,6.24,,38.37,23.32,88.04,40.5,24.51
2016-06-03,21.07,2099.13,6.12,,37.62,22.98,88.1,39.639,24.41
2016-06-02,21.7,2105.26,6.17,,37.58,23.66,88.89,40.011,24.73
2016-06-01,21.66,2099.33,6.03,,37.78,23.79,88.22,40.07,24.68
2016-05-31,21.74,2096.96,6.13,,37.91,24.61,87.57,39.891,24.755
2016-05-27,22.71,2099.06,5.89,,37.7,24.25,90.07,40.46,24.435
2016-05-26,23.4,2090.1,5.84,,37.58,23.17,89.74,39.981,24.065
2016-05-25,23.75,2090.54,5.88,,37.43,22.98,90.08,39.599,21.93
2016-05-24,22.82,2076.06,5.74,,37.79,23.79,90.22,39.806,22.025
2016-05-23,21.86,2048.04,5.64,,36.86,22.89,88.12,38.887,21.675
2016-05-20,21.43,2052.32,5.42,,36.01,23.45,88.97,39.336,21.715
2016-05-19,20.76,2040.04,5.01,,35.04,23.11,88.18,38.3,21.33
2016-05-18,20.69,2047.63,4.99,,35.42,23.6,88.33,38.231,21.65
2016-05-17,20.75,2047.21,4.945,,35.39,23.88,87.23,37.909,21.575
2016-05-16,20.92,2066.66,5.09,,36.64,23.37,88.46,38.573,21.725
2016-05-13,20.67,2046.61,5.23,,35.27,22.64,86.67,37.889,21.365
2016-05-12,20.62,2064.11,5.33,,35.48,22.1,87.15,38.211,21.625
2016-05-11,21.27,2064.46,5.58,,34.95,23.13,87.12,38.319,21.68
2016-05-10,20.43,2084.39,5.72,,35.29,23.77,87.81,39.297,21.845
2016-05-09,19.6,2058.69,5.76,,34.82,23.43,87.19,38.66,21.6
2016-05-06,20.22,2057.14,5.6,,34.79,25.2,86.59,37.548,21.435
2016-05-05,20.5,2050.63,5.68,,34.66,24.85,86.13,38.073,21.5
2016-05-04,20.64,2051.12,5.74,,34.82,24.22,85.0,38.065,21.345
2016-05-03,21.04,2063.37,5.81,,37.43,24.4,85.15,38.593,21.245
2016-05-02,22.4,2081.43,6.02,,37.85,25.29,85.28,40.703,21.515
2016-04-29,22.27,2065.3,5.79,,38.12,25.56,84.35,40.646,21.415
2016-04-28,22.88,2075.81,5.92,,38.37,25.65,80.79,41.173,21.41
2016-04-27,23.49,2095.15,5.945,,38.74,25.34,81.93,41.986,21.375
2016-04-26,22.95,2091.7,6.01,,38.1,25.07,81.84,41.652,21.2
2016-04-25,22.2,2087.79,6.24,,37.86,27.43,81.22,40.627,21.115
2016-04-22,22.84,2091.58,6.26,,39.25,28.3,81.11,41.115,21.145
2016-04-21,22.25,2091.48,6.14,,38.18,28.79,80.73,40.293,21.08
2016-04-20,22.41,2102.4,6.14,,38.28,28.68,80.99,40.245,21.42
2016-04-19,21.88,2100.8,6.25,,38.49,28.85,80.32,40.254,21.235
2016-04-18,21.91,2094.34,6.43,,38.22,29.34,79.93,39.649,21.095
2016-04-15,20.93,2080.73,6.23,,38.22,29.88,79.73,39.649,21.085
2016-04-14,21.38,2082.78,6.18,,38.04,29.63,79.82,40.187,21.085
2016-04-13,21.58,2082.42,5.94,,38.02,29.58,80.45,39.931,21.055
2016-04-12,20.68,2061.72,5.26,,37.04,28.1,80.34,38.563,20.805
2016-04-11,20.29,2041.99,5.16,,36.86,27.28,80.33,38.72,20.46
2016-04-08,20.3,2047.6,5.19,,36.61,26.86,80.54,38.632,20.27
2016-04-07,19.78,2041.91,5.34,,36.39,26.51,80.48,38.877,20.23
2016-04-06,20.32,2066.66,5.25,,36.41,26.74,80.16,38.993,20.455
2016-04-05,19.74,2045.17,5.1,,36.47,26.52,79.19,38.857,20.26
2016-04-04,19.43,2066.13,5.03,,36.76,26.64,79.75,38.476,20.345
2016-04-01,20.2,2072.78,4.9,,37.64,26.76,79.37,38.887,20.595
2016-03-31,20.91,2059.74,4.82,,37.24,26.5,78.32,39.072,20.385
2016-03-30,20.59,2063.95,4.74,,37.62,27.24,77.75,39.052,20.805
2016-03-29,20.59,2055.01,4.91,,36.68,26.42,78.13,38.963,20.65
2016-03-28,19.81,2037.05,4.47,,35.93,25.82,75.86,37.615,20.21
2016-03-24,20.3,2035.94,4.57,,36.72,26.36,75.59,38.046,20.335
2016-03-23,20.55,2036.71,4.4,,37.12,26.74,75.46,39.111,20.34
2016-03-22,21.93,2049.8,4.82,,37.99,26.99,76.6,39.911,20.56
2016-03-21,22.89,2051.6,4.5,,37.77,26.96,76.16,39.737,20.69
2016-03-18,22.93,2049.58,4.53,,38.51,27.08,75.45,39.53,20.83
2016-03-17,23.13,2040.59,4.21,,38.04,27.03,74.62,38.613,20.37
2016-03-16,23.75,2027.22,4.21,,36.68,27.84,74.36,38.495,20.475
2016-03-15,22.74,2015.93,4.22,,36.4,27.16,77.04,37.761,20.24
2016-03-14,23.2,2019.64,4.51,,36.38,27.74,78.18,37.859,20.25
2016-03-11,23.32,2022.19,4.49,,35.63,27.83,78.15,37.672,20.2
2016-03-10,22.76,1989.57,4.35,,35.04,26.39,77.41,36.999,20.045
2016-03-09,23.72,1989.26,4.48,,34.92,26.34,77.91,37.34,20.07
2016-03-08,22.92,1979.26,4.59,,35.08,26.07,77.18,36.53,19.855
2016-03-07,24.05,2001.76,4.76,,35.96,26.14,77.77,37.158,19.955
2016-03-04,23.35,1999.99,4.33,,34.91,26.48,76.43,35.757,19.82
2016-03-03,23.69,1993.4,4.24,,35.34,25.59,75.5,35.727,19.945
2016-03-02,24.65,1986.45,4.43,,34.61,26.64,75.59,34.99,19.755
2016-03-01,24.18,1978.35,4.14,,34.99,26.5,75.48,34.718,19.695
2016-02-29,23.9,1932.23,3.89,,34.74,25.71,73.16,34.23,18.875
2016-02-26,23.55,1948.05,3.97,,34.83,25.41,73.48,34.268,19.255
2016-02-25,22.84,1951.7,3.86,,34.12,24.93,73.16,33.947,19.045
2016-02-24,22.97,1929.8,3.83,,34.62,25.68,72.06,33.869,18.385
2016-02-23,22.14,1921.27,3.88,,34.64,25.59,71.7,33.685,17.985
2016-02-22,22.42,1945.5,4.09,,34.12,26.32,71.42,33.41,18.105
2016-02-19,21.22,1917.78,3.94,,34.05,25.54,71.34,32.964,17.995
2016-02-18,20.93,1917.83,3.78,,33.98,25.33,70.63,32.681999999999995,17.875
2016-02-17,20.67,1926.82,3.94,,32.67,25.72,71.52,32.086,17.965
2016-02-16,20.2,1895.58,3.56,,32.75,24.98,69.41,33.227,17.765
2016-02-12,17.99,1864.78,3.36,,27.91,23.13,67.85,30.77,17.445
2016-02-11,17.12,1829.08,3.3,,28.28,22.9,67.23,30.8,17.15
2016-02-10,18.08,1851.86,3.21,,27.97,23.24,69.66,31.258000000000006,17.14
2016-02-09,17.81,1852.21,3.18,,27.92,22.88,68.49,30.002,17.055
2016-02-08,18.62,1853.44,3.24,,28.93,23.2,69.58,30.325,16.77
2016-02-05,20.08,1880.05,3.46,,28.75,23.64,71.04,33.439,16.59
2016-02-04,20.96,1915.45,3.69,,29.14,24.96,70.92,32.904,17.055
2016-02-03,19.78,1912.53,3.4,,28.41,23.81,71.46,39.267,16.67
2016-02-02,19.71,1903.03,3.25,,28.26,24.67,71.44,38.749,16.555
2016-02-01,20.19,1939.38,3.45,,29.4,25.59,71.4,39.391,16.77
2016-01-29,20.58,1940.24,3.48,,28.42,26.02,70.15,38.925,16.755
2016-01-28,19.83,1893.36,3.48,,27.75,25.37,64.67,38.301,16.615
2016-01-27,20.48,1882.95,3.63,,27.99,25.38,65.19,38.584,16.565
2016-01-26,20.58,1903.63,3.735,,27.89,27.0,65.79,38.963,17.085
2016-01-25,20.24,1877.08,3.84,,27.26,27.03,65.87,38.594,16.735
2016-01-22,20.81,1906.9,4.19,,30.57,27.27,66.36,39.686,17.035
2016-01-21,19.2,1868.99,4.0,,29.16,26.69,65.58,39.353,16.505
2016-01-20,19.27,1859.33,3.98,,28.56,26.38,66.43,40.805,16.575
2016-01-19,18.77,1881.33,3.84,,27.27,27.41,66.95,40.543,16.65
2016-01-15,18.14,1880.33,4.58,,27.35,26.99,67.12,41.08600000000001,16.855
2016-01-14,20.28,1921.84,4.79,,28.03,28.12,68.1,42.375,17.39
2016-01-13,20.43,1890.28,4.65,,28.74,27.1,67.4,41.545,17.255
2016-01-12,21.4,1938.68,4.98,,30.2,28.205,69.26,42.996,17.585
2016-01-11,21.49,1923.67,5.04,,29.04,27.03,68.47,43.172,17.565
2016-01-08,22.2,1922.03,5.36,,28.0,27.62,69.1,43.679,17.545
2016-01-07,20.85,1943.09,5.3,,28.03,27.95,69.81,45.139,17.83
2016-01-06,25.76,1990.26,5.45,,28.58,29.76,71.32,46.044,18.525
2016-01-05,26.02,2016.71,5.87,,28.64,30.0,71.83,46.63,18.87
2016-01-04,27.27,2012.66,5.98,,28.91,29.53,71.12,46.173,18.835
2015-12-31,27.67,2043.94,6.15,,29.77,32.265,72.92,46.024,19.005
2015-12-30,27.78,2063.36,6.13,,30.56,32.08,73.97,46.523,19.06
2015-12-29,28.25,2078.36,6.2,,30.89,32.65,74.3,46.3,19.41
2015-12-28,28.09,2056.5,6.19,,30.39,31.89,74.16,45.773,19.185
2015-12-24,29.48,2060.99,6.2,,30.86,32.58,72.95,46.014,19.145
2015-12-23,28.52,2064.29,6.08,,30.4,32.54,72.47,46.034,19.45
2015-12-22,27.68,2038.97,5.99,,29.49,32.53,72.2,45.267,19.395
2015-12-21,28.47,2021.15,6.1,,28.92,32.5,71.34,44.67100000000001,19.28
2015-12-18,26.92,2005.55,5.98,,28.46,32.65,69.96,44.242,19.055
